"domanda","opzioneA","opzioneB","opzioneC","opzioneD","soluzione","motivazione"
"La segnalazione a canale comune prevede che","Gli apparati di controllo delle centrali di commutazione si scambiano le informazioni di segnalazione in commutazione di pacchetto ˙","Ad ogni canale dedicato alla trasmissione dei dati d’utente sia associato un diverso canale per la segnalazione","La segnalazione tra le centrali di commutazione avvenga condividendo un solo canale via satellite","","A","Nella segnalazione a canale comune le informazioni di utente viaggiano su canali separati ma con un unico canale di segnalazione usato per controllare la segnalazione di tutti i canali utenti. Il canale di segnalazione funziona a pacchetto."
"Le caratteristiche di una topologia a maglia completamente connessa sono","Elevato numero di canali, buona tolleranza ai guasti, instradamento facile","Elevato numero di canali, buona tolleranza ai guasti, instradamento difficile","Basso numero di canali, cattiva tolleranza ai guasti, instradamento difficile","","A","vedi lucidi “Topologia a maglia”. Nella maglia completamente connessa c’è sempre una strada diretta tra ogni nodo."
"I servizi di telecomunicazione interattivi conversazionali sono caratterizzati da","Basse probabilità di errore nel trasferimento delle informazioni","Trasferimento delle informazioni in tempo reale","Memorizzazione delle informazioni in rete e consegna al destinatario in tempo differito","","B",""
"In reti a commutazione di pacchetto i fattori che inducono alla scelta di pacchetti di piccole dimensioni sono","Minore incidenza della informazione di controllo, maggiore efficienza nel trasferimento di SDU di grandi dimensioni","Migliore possibilità di parallelizzazione, minore ritardo di trasferimento, minore probabilità di errore sul bit","Migliore possibilità di parallelizzazione, minore ritardo di pacchettizzazione, minore probabilità di errore sul pacchetto","","C","La lunghezza dei pacchetti è determinata da: possibilità di parallelizzazione (pipeline), ritardo di pacchettizzazione, percentuale di informazione di controllo. Pacchetti brevi favoriscono la trasmissione in parallelo su canali diversi di pacchetti di una stessa comunicazione, pacchetti brevi riducono il ritardo di pacchettizzazione (importante per il traffico voce su rete a pacchetto), pacchetti lunghi riducono la percentuale di informazione di controllo."
"Il protocollo TCP","Fornisce un rilevamento di errore sui dati di ogni segmento mediante un checksum","Fornisce un rilevamento di errore solo sull’intestazione del segmento","Non fornisce un rilevamento e recupero di errore sui dati","","A","TCP offre funzionalità di controllo di errore sui pacchetti pervenuti grazie al campo checksum contenuto nella sua PDU. Vedi lucidi “TCP” (Fonte Wikipedia).A) Fornisce un rilevamento di errore sui dati di ogni segmento mediante un checksum.La ragione dietro questa risposta è che il protocollo TCP fornisce un rilevamento di errore sui dati di ogni segmento mediante un checksum. Il checksum è un valore calcolato sui dati del segmento, che consente di rilevare eventuali errori di trasmissione o corruzione dei dati durante il trasferimento. Quando il destinatario riceve il segmento, calcola nuovamente il checksum e lo confronta con il valore checksum ricevuto. Se i valori non corrispondono, si presume che sia avvenuto un errore durante la trasmissione.C) Non fornisce un rilevamento e recupero di errore sui dati: Questa opzione non è corretta perché il TCP fornisce un meccanismo di rilevamento degli errori mediante il checksum. Inoltre, TCP include anche meccanismi di recupero dagli errori, come l'acknowledgment e il reinvio dei segmenti persi o danneggiati.Pertanto, la risposta corretta è l'opzione A) Fornisce un rilevamento di errore sui dati di ogni segmento mediante un checksum."
"Nel modello OSI, il livello trasporto fornisce servizi","Basandosi sui servizi dal livello applicazione","Basandosi sui servizi forniti dal livello rete","Basandosi sui servizi forniti dal livello sessione","","B","Si pensi alla pila ISO/OSI. Vedi lucidi sul modello OSI."
"Quale delle seguenti affermazioni è conforme al modello di riferimento ISO/OSI?","Una (N)-entità e una (N-1)-entità possono avere lo stesso indirizzo.","Una (N)-entità può essere associata a due diversi (N-1)-indirizzi.","Due (N)-entità possono essere associate allo stesso (N-1)-indirizzo.","","B","fenomeno chiamato multi-homing"
"In un protocollo a finestra di tipo Go-Back-N può risultare conveniente aumentare la dimensione della finestra di trasmissione (misura in numero di dati)","Quando aumenta la velocità di trasmissione a pari dimensione delle unità dati e pari ritardi di trasferimento delle unità dati tra trasmettitore e ricevitore","Quando diminuisce la velocità di trasmissione a pari dimensione delle unità dati .e pari ritardi di trasferimento delle unità tra trasmettitore e ricevitore","Quando diminuisce la distanza tra trasmettitore e ricevitore, quindi i ritardi di trasferimento delle unità dati, senza variare la velocità di trasmissione","Quando aumenta la probabilità di errore sul canale","A","Efficienza di un protocollo a finestra. Supponendo di avere n=k, si ha Wt=k(1+2*(tp/tx)). All’aumentare della velocità di trasmissione, diminuisce il tempo di trasmissione tx, imponendo un aumento della Wt per mantenere l'efficienza uguale a k."
"Un protocollo a finestra di tipo Go-Back-N non richiede un aumento di complessità rispetto ad uno Stop-And-Wait relativamente a","Quantità di memoria richiesta al trasmettitore","Quantità minima di numeri di sequenza richiesti per distinguere le unità dati","Quantità di memoria richiesta al ricevitore","","C","Il Go-Back-N non richiede un aumento di complessità rispetto alla finestra di ricezione al ricevitore. Per lo Stop and Wait e per il Go-Back-N . In Stop-and-Wait basta 1 bit di sequenza (0 o 1) per distinguere un pacchetto dal successivo. In Go-Back-N invece servono più numeri di sequenza, almeno tanti da coprire la finestra di trasmissione (W_T), cioè almeno log₂(W_T + 1) bit. → Quindi anche qui aumenta la complessità."
"I protocolli Aloha ed S-Aloha","Per evitare l’interferenza tra le trasmissioni di utenti che condividono un canale broadcast assegnano ad ogni utente un intervallo temporale prefissato in cui trasmettere","Non implementano alcun controllo preventivo per evitare l’interferenza tra le trasmissioni di utenti che condividono un canale broadcast; solo nel caso di interferenza (collisione) si interviene, ripetendo la trasmissione dopo un ritardo fisso","Non implementano alcun controllo preventivo per evitare l’interferenza tra le trasmissioni di utenti che condividono un canale broadcast; solo nel caso di interferenza (collisione) si interviene, ripetendo la trasmissione dopo un ritardo casuale","","C","Aloha ha una bassa efficienza perché i nodi trasmettono senza coordinarsi tra di loro, solo nel caso di collisione si esegue un backoff: le due (o più) stazioni che hanno colliso aspettano un tempo casuale prima di ritrasmettere la PDU. Il tempo casuale serve a rompere il determinismo e se nel caso le due (o più) stazioni aspettassero lo stesso tempo, si avrebbe di nuovo una collisione con probabilità 1. In questo caso si raddoppia il massimo tempo di attesa casuale."
"L’architettura dei protocolli Internet è organizzata","In sette livelli","In quattro livelli","In sei livelli","In modo completamente non stratificato","B","Internet ad oggi, si basa sull’architettura ARPA composta da 4 livelli. I livelli sono: application, service, internetwork, network. Fonte: lucidi “Architetture Stratificate”, vedi anche videolezione."
"Il ricevitore TCP","Invia riscontri (ACK) cumulativi","Invia un- riscontro (ACK) relativo ad ogni segmento ricevuto","Non invia riscontri","","A","Per definizione TCP usa dei protocolli a finestra che fanno uso di ACK cumulativi. Vedi lucidi “TCP”."
"L’intestazione (header) del segmento TCP, ovvero la PCI del protocollo TCP","È sempre di dimensione fissa pari a 20 byte","È di dimensione variabile a seconda delle opzioni presenti","È di dimensione fissa pari a 40 byte","","B","Nell’intestazione del TCP esiste un campo Options di dimensione variabile. Vedi lucidi “TCP”."
"Gli indirizzi logici in Internet sono","Determinanti in modo completamente libero dai system administrator di ogni sottorete","Organizzati in domini","Di formato completamente libero","","B","Vedi lucidi su IP."
"Tra AS (Autonomous System) si può utilizzare il protocollo di instradamento","BGP (Border Gateway Protocol)","RIP (Routing Information Protocol)","OSPF (Open Shortest Path First)","","A","L’interscambio di informazione tra router appartenenti ad AS differenti avviene attraverso il protocollo di routing di tipo BGP."
"Nel modello OSI, una (N)-connessione","Può essere realizzata mediante una o più (N-1)-connessioni","E’ terminata da due (N-1)-CEP","Può essere realizzata mediante una o più (N+1)-connessioni","Può essere realizzata solamente mediante più (N-1)-connessioni","A","Per definizione un (N)-strato fornisce servizi ad (N+1)-strati. Ciò significa che il suo utente (lo strato N+1) prima di poter usare il servizio dovrà richiedere una connessione. Ad un N strato possono corrispondere diverse N-1 connessioni."
"Rispetto allo standard Ethernet a 10 Mbit/s, nella definizione di Ethernet a 100Mbit/s il protocollo MAC","E’ stato modificato per consentire la rilevazione più efficiente delle collisioni","E’ stato modificato introducendo un meccanismo per evitare le collisioni, migliorare le prestazioni e supportare servizi in tempo reale","E’ stato mantenuto inalterato, accettando la riduzione di un fattore dieci (circa) detta “collision domain”","E’ stato mantenuto inalterato, mantenendo inalterata la dimensione massima aumentando di un fattore dieci le dimensioni minime della trama","C","Vedi lucidi su MAC."
"La metrica (costo) in un algoritmo di instradamento","Esprime il peso da assegnare ad un (canale) link nella selezione del cammino","Esprime la complessità di calcolo dell’algoritmo","Esprime la probabilità che venga utilizzato il cammino più breve","","A","Vedi lucidi."
"I vantaggi dei servizi di tipo circuito virtuale rispetto ai servizi di tipo datagram in una rete a commutazione a pacchetto sono","Minore ritardo dei pacchetti, calcolo dell’instradamento per ogni pacchetto","Minore variabilità dei ritardi dei pacchetti, mantenimento della sequenza dei pacchetti, instradamento per ogni pacchetto","Minore variabilità dei ritardi dei pacchetti, mantenimento della sequenza dei pacchetti, instradamento solo in fase di apertura della connessione","","C","I vantaggi dei servizi su circuito virtuale rispetto ai servizi su datagram sono: mantenimento della sequenza (faccio sempre lo stesso percorso), minore variabilità dei ritardi (solo ritardo di elaborazione), instradamento soltanto in fase di apertura della connessione. Vedi lucidi “Servizio su circuito virtuale”. Learning 0"
"Quale delle seguenti affermazioni è vera riguardo ai Transparent Bridge IEEE 802.1d?","L’instradamento segue criteri di “backward learning” e di flooding (ad inondazione)","L’instradamento si basa sullo scambio di tabelle di instradamento tra i bridge","L’instradamento avviene sempre in modo flooding (ad inondazione)","","A","(Fonte Internet). Standard reti locali, pag.41"
"Rispetto a Fast Ethernet a 100 Mb/s (100Base T), Ethernet a 1 Gb/s permette di rispettare i vincoli temporali sul riconoscimento delle collisioni","Diminuendo la distanza tra i nodi","Imponendo la fibra ottica come mezzo trasmissivo","Aumentando la dimensione minima delle PDU","","C","passando ad 1Gb/s per mantenere Tempo Trasmissione > RTT andando ad agire sui tempi di propagazione ci sarebbe necessità di distanze minime tra gli host (poche decine di metri), l’unica soluzione è aumentare la dimensione minima delle PDU così da aumentare Tempo Trasmissione., Aumentando la dimensione minima delle PDU, il tempo necessario per trasmettere un pacchetto aumenta, consentendo una maggiore possibilità di rilevare e gestire le collisioni nella rete."
"Rispetto a sorgenti di tipo CBR (Constant Bit Rate), le sorgenti di tipo VBR (Variable Bit Rate)","Hanno maggiore differenza tra massima e minima velocità di trasmissione","Hanno requisiti più stringenti sul ritardo massimo","Hanno requisiti più stringenti sul ritardo medio","","A","CBR viene usato nelle videoconferenze (velocità di 64kb/s). VBR viene usato per lo streaming e il file transfer (per il primo ordine dei Mb/s per il secondo ordine dei kb/s a Gb/s)."
"Il recupero di errore end-to-end in ambiente Internet, quando presente,","È effettuato sempre e solo dai processi applicativi","È effettuato al livello Transport (trasporto)","È effettuato al livello Internet (rete)","Non è previsto per nessun tipo di servizio","B","L’end-to-end è uno dei principi della progettazione delle reti di computer e viene applicato su diversi protocolli di rete come nel protocollo UDP(Protocollo di livello 4, livello trasporto). (Fonte Wikipedia)."
"Il protocollo POP3","E’ utilizzato per il blocco dei pop-up in un browser web","E’ utilizzato per lo scambio di messaggi di posta elettronica tra mail server","Può essere usato per trasferire messaggi di posta elettronica da un server ad un client email installato su un PC","Utilizza messaggi che includono sempre una autenticazione crittografata","C","Il Post Office Protocol (POP) è un protocollo di livello applicativo di tipo client-server che ha il compito di permettere l’accesso da parte di un client ad un account di posta elettronica presente su di un host server e scaricare le e-mail dell’account stesso. La B si riferisce al protocollo SMTP."
"Che cosa si intende per il dominio di collisione (collision domain) in Ethernet?","La porzione di rete entro la quale viene rilevata una stessa collisione","Il numero di bit dell’intestazione dei pacchetti che possono essere danneggiati da una collisione","L’insieme dei nodi che interrompono la trasmissione a causa di una collisione","","A","Dominio di collisione: porzione di rete in cui due trame collidono. Vedi lucidi “Dominio di collisione”."
"In una sottorete IP (Logical IP Subnet)","Gli host condividono lo stesso prefisso di rete","Il prefisso di rete è sempre costituito dai primi tre byte dell’indirizzo","Gli host comunicano sempre passando attraverso il router","","A","In una rete tutte le sottoreti create dovranno avere lo stesso indirizzo di rete. La B è errata dato che non necessariamente il prefisso di rete è costituito nei primi 3 byte."
"Nel modello di riferimento OSI una (N)-PCI può contenere","(N)-indirizzi","(N+1)-indirizzi","(N-1)-indirizzi","","A","Si tratta dell’header di quel livello che può contenere solo indirizzi di livello N. Sarà la N-SDU a contenere (N+1) indirizzi."
"Il bit P/F(Poll/Final) delle trame nel protocollo di strato 2 LaPB","Fornisce una conferma implicita sulle trame non ancora confermate","Permette di sollecitare l’invio di una conferma da parte del ricevitore","Accelera la trasmissione delle informazioni","","B","Il campo Poll e Final è un solo bit e ha due utilizzi. È chiamato Poll se viene usato dalla stazione primaria per chiedere una risposta alle stazioni secondarie, invece Final quando viene usato da una stazione secondaria per indicare una risposta al termine della trasmissione. Ha significato solo se impostato a 1. (Fonte Wikipedia)."
"Quali dei seguenti protocolli non realizza funzioni di delimitazione delle unità dati?","LaPB (Link access Procedure Balanced), utilizzato nel canale B ISDN","LaPF (Link access Producer to Frame-mode bearer services), utilizzato nelle reti Frame Relay","PPP (Point-to-Point Protocol), utilizzato nell’accesso domestic ad Internet","IEEE 802.2 LLC (Logical Link Control), utilizzato nelle reti locali","D","I delimitatori vengono inseriti successivamente dal protocollo MAC. Vedi lucidi “IEEE 802.2 Logical Link Control”."
"Che cosa è indispensabile per Ethernet in modalità full-duplex?","La possibilità di ricevere e trasmettere simultaneamente pacchetti","La disponibilità di tecniche di protezione da guasti attraverso due percorsi disgiunti tra ogni coppia di nodi","Il pieno supporto sia alla velocità di 10 Mbit/s sia alla velocità di 100 Mbit/s","","A","Un mezzo fisico full-duplex ha la caratteristica che trasmissione e ricezione avvengono su cavi separati. Questo mi porta a poter ricevere e trasmettere simultaneamente pacchetti."
"Le caratteristiche di una topologia ad albero sono","Basso numero di canali, cattiva tolleranza ai guasti, instradamento facile","Basso numero di canali, buona tolleranza ai guasti, instradamento facile","Elevato numero di canali, buona tolleranza ai guasti, instradamento difficile","","A","Vedi lucidi “Topologia ad albero”."
"Gli indirizzi IP versione 4 sono:","Di lunghezza totale fissa, composti da una parte di lunghezza variabile che identifica la rete e da una parte di lunghezza variabile che identifica l’host","Di lunghezza totale fissa, composti da una parte di lunghezza fissa che identifica la rete e da una parte di lunghezza fissa che identifica l’host","Di una lunghezza variabile, composta da una parte di lunghezza variabile che identifica la rete e da una parte di lunghezza variabile che identifica l’host","","A","Definizione IPV4. Vedi lucidi “IPV4”."
"In reti a commutazione di pacchetto di tipo Store-And-Forward, l’uso di PDU (pacchetti) di grandi dimensioni:","Diminuisce la probabilità di perdere informazione per errore sui bit ricevuti","Minimizza il ritardo di trasferimento perché, essendoci meno overhead dovuto alle informazioni di controllo presenti in ogni PDU, la quantità totale di informazione da inviare è minore","Richiede una intestazione di dimensione maggiore per consentire la gestione di tutta l’informazione contenuta nella PDU","Aumenta il ritardo complessivo di trasferimento dell’informazione perché ogni nodo deve ricevere l’intera PDU prima di poterla inviare sul canale successivo","D","Inviare pacchetti di grandi dimensioni su nodi di tipo Store-And-Forward porta ad un ritardo non trascurabile del trasferimento dell’informazione. Per questo motivo è preferibile mandare pacchetti di piccole dimensioni in modo da minimizzare il tempo di immagazzinamento (Store)."
"Un protocollo Selective Repeat con finestra di trasmissione di dimensione Wt e finestra di ricezione di dimensione Wr","Può funzionare solo se, essendo k il numero di bit di numerazione, si ha","Può funzionare solo se, essendo k il numero di bit di numerazione, si ha","Può funzionare solo se, essendo k il numero di bit di numerazione, si ha","","A","Vedi lucidi “Selective Repeat”."
"Il PPP(Point-to-Point Protocol)","Utilizza un protocollo a finestra di tipo Go-Back-N per il recupero di perdite di unità dati","Utilizza il campo di indirizzo nelle unità dati per distinguere comandi da risposte","Utilizza in modo simile a LaPB (ISDN canale B) la sequenza 01111110 per delimitare le unità dati","","C","Vedi lucidi “Incapsulamento di PDU PPP”."
"Quali delle seguenti prestazioni sono possibili grazie al funzionamento Store-And-Forward in una rete a pacchetto?","La possibilità di avere diverse velocità di trasmissione tra i diversi canali attestati ad uno stesso commutatore.","La riduzione dei ritardi di trasferimento dell’informazione attraverso un nodo di commutazione.","La riduzione della dimensione delle intestazioni dei pacchetti.","La possibilità di usare codifiche di canale di tipo Forward Error Correction","A","Capacità di adattarsi a canali con capacità diverse."
"La differenza tra teleservizi, servizi portanti e servizi supplementari sta nel fatto che","Mentre i servizi portanti offrono soltanto il trasferimento di informazioni tra interfacce utente-rete, i teleservizi coinvolgono le funzioni degli apparati utente secondo protocolli prestabiliti; i servizi supplementari invece modificano o integrano un servizio portante ed un teleservizio","Mentre i teleservizi offrono soltanto il trasferimento di informazioni tra interfacce utente-rete, i servizi portanti coinvolgono le funzioni degli apparati utente secondo protocolli prestabiliti; i servizi supplementari sono servizi speciali per il trasferimento dati","Mentre i servizi portanti offrono soltanto il trasferimento di informazioni tra interfacce utente-rete, i teleservizi coinvolgono le funzioni degli apparati utente secondo protocolli prestabiliti; i servizi supplementari sono servizi speciali per il trasferimento dati","","A","I servizi portanti sono i servizi offerti dalla linea telefonica. E’ detto portante perché è un servizio essenziale senza il quale non possiamo fare tutti gli altri teleservizi. Esso fornisce la possibilità di trasmissione di segnali tra interfaccia utente-rete. I teleservizi sono servizi abilitati dai servizi portanti. Forniscono la completa possibilità di comunicazione tra utenti secondo protocolli prestabiliti. I servizi supplementari integrano o modificano uno o più servizi di base. Vedi lucidi “Classificazione dei servizi di telecomunicazione”."
"Secondo il modello OSI, le funzioni in una rete di telecomunicazioni sono","Operazioni disponibili su di una interfaccia di servizio","Le regole di interazione tra entità appartenenti allo stesso strato architetturale","Operazioni svolte all’interno di uno strato architetturale","","C","Vedi lucidi “Architettura di rete”. La B è la definizione di protocollo di comunicazione: In una rete, le regole che definiscono l’interazione tra elementi di una rete si chiamano protocolli di comunicazione."
"Si consideri un host trasmettitore che utilizza il protocollo TCP ed un ricevitore a velocità infinita, ovvero che dichiara sempre come finestra di ricezione il valore massimo disponibile. Data una finestra corrente al trasmettitore di dimensione pari a 10 segmenti, con una finestra massima del ricevitore pari a 20 segmenti, nel momento in cui il trasmettitore riceve un segmento contenente un ACK da parte del ricevitore, quale tra le seguenti situazioni è possibile?","La finestra corrente al trasmettitore diventa pari a 3 segmenti","La finestra corrente al trasmettitore diventa pari a 51 segmenti","La finestra corrente al trasmettitore diventa pari a 11 segmenti","La finestra corrente al trasmettitore diventa pari a 13 segmenti","C","Ipotizzando che l’ACK ricevuto sia il decimo di quella trasmissione e ipotizzando un TCP con Slow Start, allora la cwnd aumenta di +1 segmenti alla ricezione di ogni ACK."
"Il Domain Name System (DNS)","Permette di assegnare ad un host un indirizzo Ethernet in funzione del suo indirizzo IP","Realizza in termini OSI una funzione di mapping tra (3)-indirizzi e (2)-indirizzi","Consente ad un applicativo di conoscere l’indirizzo IP di un sito web di cui è noto il nome logico","Consente di conoscere la posizione fisica di un host Internet","C","DNS protocollo di livello applicativo composto da 2 elementi fondamentali: la struttura gerarchica e il protocollo applicativo per interagire con questa struttura gerarchica. DNS è un sistema che ci permette di convertire un nome logico di un sito web in un indirizzo IP."
"Dato un numero di nodi e un numero di canali, una topologia T1 per cui la distanza media tra i nodi è più piccola di un’altra topologia T2, in presenza di un traffico uniformemente distribuito,","Consente di smaltire sui canali la stessa quantità di traffico","Consente di smaltire sui canali una quantità di traffico inferiore","Consente di smaltire sui canali una quantità di traffico maggiore","","C","Se la distanza media diminuisce, aumenta il Throughput. “Per traffico uniforme e topologie regolari, il traffico smaltibile è inversamente proporzionale alla distanza media.” Slide 53 Concetti Generali."
"La tecnica di piggybacking nei protocolli a finestra consiste nella possibilità di","Rimandare al trasmettitore eventuali unità dati che hanno subito errori di trasmissione","Concatenare più riscontri in un’unità dati","Trasportare informazione di riscontro e dati d’utente nella stessa unità dati","Far sì che il ricevitore segnali esplicitamente al trasmettitore eventuali perdite di unità dati","C","Il piggybacking consente, nel caso di flussi di informazioni bidirezionali, la possibilità di scrivere l’informazione di riscontro (ACK) nell’intestazione della PDU che viaggia nella direzione opposta. Questo consente un risparmio di ACK."
"Distinguere comandi e risposte nelle trame del protocollo di strato 2 LaPB ha lo scopo di","Capire se è stato inviato un bit Poll o un bit di Final","Capire quale sia il destinatario della trama","Distinguere trame di supervisione da trame di informazione","","C","Il protocollo LAPB appartiene alla famiglia di protocolli HDLC. Esso presenta un frame di supervisione usato per il controllo degli errori e di flusso ad esempio quando si devono mandare solo comandi, risposte e conferme (no dati). Tale frame per definizione non presenta un campo dati."
"In una rete locale (LAN) su topologia a bus con protocollo d’accesso CSMA, la quantità di tempo per cui vari nodi rilevano una collisione tra le trasmissioni di due particolari nodi","È maggiore per i nodi vicini agli estremi del bus e inferiore per i nodi al centro del bus","È la stessa per tutti i nodi nella rete","Dipende dalla posizione dei nodi rispetto ai trasmettitori dei pacchetti che generano la collisione","dipende dalla velocità di propagazione del segnale","C","Vedi lucidi “CSMA”."
"Nel modello OSI, il livello trasporto fornisce servizi","Basandosi sui servizi dal livello applicazione","Basandosi sui servizi forniti dal livello rete","Basandosi sui servizi forniti dal livello sessione","","B","Il livello 4 utilizza i servizi del livello 3 (rete) per fornire i propri servizi ai layer superiori."
"L’intestazione (header) di un pacchetto dati in una rete a commutazione di pacchetto con servizio datagram contiene","Gli indirizzi del nodo sorgente e destinazione","L’indirizzo del nodo destinazione ed un identificatore di connessione","Un identificatore di connessione","L’indirizzo del nodo sorgente ed un identificatore di connessione,","A","Vedi lucidi “IP datagram format”."
"Un router IP dopo aver calcolato l’instradamento","Modifica gli indirizzi IP sorgente e destinazione del datagram","Modifica i campi Time To Live e Header Checksum nell’intestazione del datagram","Modifica esclusivamente il campo Time To Live nell’intestazione del datagram","","B","Se modifico Il Time To Live di conseguenza devo modificare anche l’Header Checksum altrimenti mi verrebbe dato un errore. Questo mi comporta ad escludere la C, mentre la A non ha senso come risposta. (Fonte: Marchetto)"
"Una scheda Ethernet di uno switch elabora (ovvero legge e decide se e come instradare)","Solo i pacchetti con indirizzo MAC di destinazione broadcast","Tutti i pacchetti, indipendentemente dall’indirizzo di destinazione","Solo i pacchetti con indirizzo MAC di destinazione unicast pari a quello dello switch","Solo i pacchetti con indirizzo MAC di destinazione multicast","B","Vedere funzionamento switch."
"Quale tra le seguenti affermazioni è vera? Un host collegato alla rete Internet, nel momento in cui vuole trasmettere/ricevere dati verso/da un qualsiasi altro host della rete Internet, deve conoscere.","Il proprio indirizzo IP e relativa maschera, il proprio indirizzo MAC, l’indirizzo IP del router di default, l’indirizzo IP di un DNS","Solo il proprio indirizzo MAC","Solo il proprio indirizzo IP","","A","Fonte Marchetto."
"Per commutazione si intende","Il trasferimento di informazioni da un punto ad uno o più altri punti","Lo scambio di informazioni che riguardano il controllo e la gestione di una rete di telecomunicazioni","Il processo di interconnessione di risorse per il tempo necessario alla comunicazione","","C","Vedi lucidi “Funzione: commutazione”. La A rappresenta la TRASMISSIONE e la B rappresenta la SEGNALAZIONE."
"Nel modello OSI, il livello rete fornisce servizi","Basandosi sui servizi forniti dal livello applicazione","Basandosi sui servizi forniti dal livello trasporto","Basandosi sui servizi forniti dal livello collegamento","","C","Il livello rete sta sopra il livello di collegamento."
"In un canale radiomobile reale, il fenomeno del fading consiste nella:","Diminuzione della potenza ricevuta, causata dalla distanza tra trasmettitore e ricevitore","Rapida variazione della potenza ricevuta, causata da sorgenti che operano alla stessa frequenza","Diminuzione della potenza ricevuta, causata da sorgenti atmosferici quali pioggia e neve","Rapida variazione della potenza ricevuta, causata dalla presenza di ostacoli in movimento","D","Vedi lucidi “Canale radio (mobile) reale”."
"Nell’intestazione (header) IP, ovvero nella PCI del protocollo IP, sono obbligatoriamente contenuti","L’indirizzo IP di una sorgente e destinazione","La porta di una sorgente e di destinazione","Il campo Window che permette al ricevitore di segnalare la dimensione attuale della finestra di ricezione al trasmettitore","L’indirizzo MAC di sorgente e destinazione","A","Vedi lucidi “IP datagram format”."
"Il protocollo IP","Garantisce un rilevamento dell’errore solo sull’intestazione del datagram","Garantisce un rilevamento dell’errore sull’intestazione e sul contenuto del datagram","Non fornisce alcun tipo di protezione dagli errori","Garantisce un rilevamento dell’errore solo sul contenuto del datagram","A","Il campo Header Checksum (di 16 bit) serve a verificare che lo header IP sia arrivato integro a destinazione. Se durante il trasporto l’header subisce delle modifiche, il checksum risulta diverso e il protocollo IP capisce che c’è stato un errore. Notare che la checksum verifica l’integrità del solo header, e non dei dati trasportati."
"La maggior complessità del protocollo Go-Back-N rispetto al protocollo Stop-And-Wait è dovuta","Alla maggior complessità del trasmettitore","Alla maggiore complessità del ricevitore","Alla maggiore complessità sia del ricevitore che del trasmettitore","Alla gestione dei timeout del ricevitore","A","Dato che al ricevitore Go-Back-N e Stop-And-Wait hanno complessità presso che uguale, al trasmettitore essa risulta più grande, ed è dovuta al fatto che per il primo la finestra di trasmissione è maggiore di uno mentre per il secondo è uguale a uno."
"L’uso di cookies nel protocollo HTTP permette di","Associare fra loro più richieste fatte da uno stesso browser o utente","Mettere in cache le risposte ricevute","Scaricare tutti gli oggetti contenuti in una pagina aprendo una sola connessione TCP","Inviare la risposta al client utilizzando diversi frammenti(Trasferimento Chunked)","A","Vedi lucidi “cookies”."
"In una topologia a maglia completamente connessa con N nodi, il numero di canali bidirezionali è pari a","N(N-1)/2","2N","N-1","N","A","Vedi lucidi “Topologia a maglia”."
"Il protocollo IP fornisce un servizio","Inaffidabile (ovvero senza garanzia di consegna) e connectionless","Affidabile (ovvero con garanzia di consegna) e connectionless","Inaffidabile (ovvero senza garanzia di consegna) e connection oriented","","A","IP è un protocollo a pacchetti senza connessione (connectionless) e di tipo best effort, che non garantisce cioè alcuna forma affidabile della comunicazione in termini di controllo di errore, controllo di flusso e controllo di congestione. (Fonte Wikipedia)"
"Rispetto al protocollo IP, il protocollo UDP","Non aggiunge nulla","Aggiunge la capacità di trasportare messaggi distinguendo tra processi applicativi diversi sullo stesso host","Permette un trasporto affidabile dell’informazione","","B","Per definizione UDP è inaffidabile (connectionless), effettua multiplazione e demultiplazione."
"Il CIDR (Classless Inter Domain Routing), basato sull’uso delle netmasks (maschere) negli indirizzi IP, è una tecnica utilizzata al fine di","Diminuire il tempo di convergenza dei protocolli di routing","Utilizzare in modo efficiente lo spazio di indirizzamento IP","Evitare la formazione di routing loop nell’instradamento","","B","fonte Quora : “A CIDR IP address looks like a normal IP address except that it ends with a slash followed by a number, called the IP network prefix (e.g.-255.255.255.240/24) CIDR addresses reduce the size of routing tables and make more IP addresses available within organizations.”"
"Quali delle seguenti codifiche di linea è più efficiente, ossia richiede un bit rate meno elevato a livello fisico a parità di tasso di informazione trasmesso?","Codifica 4B5B","Codifica 64B66B","Codifica 8B10B","","B","Se ogni 4B invio 5B, per mantenere un Throughput costante devo aumentare la velocità di trasmissione di un fattore 5/4, stessa cosa per gli altri. Una codifica 64/66 mi permette di aumentare di un piccolissimo fattore 66/64, quindi richiede un bit rate meno elevato. (1.03 volte il bit rate iniziale, rispetto a 1.25 delle altre 2 codifiche.)"
"La rete di accesso DSL separa dati e fonia sullo stesso mezzo trasmissivo tra gli apparati utente e apparati di centrale usando:","Multiplazione di tempo","Accesso multiplo a divisione di frequenza-i","Accesso multiplo a divisione di tempo","Multiplazione di frequenza","D","Viene infatti utilizzato un filtro adsl sia da lato utente che da lato centrale proprio per dividere in frequenza voce e dati e non darsi disturbo tra di loro. Se vai a vedere, un filtro adsl è composto da un filtro passa-basso per la fonia."
"Il protocollo Stop-And-Wait","Può funzionare solo usando più di un bit di numerazione","Può funzionare usando un numero di bit di numerazione maggiore o uguale ad 1","Può solo funzionare usando un unico bit di numerazione","Può funzionare solo usando un numero di bit di numerazione inferiore alla dimensione della finestra di trasmissione","B","Per definizione, nel protocollo Stop-And-Wait si riducono le possibilità di malfunzionamento usando un maggior numero di bit per la numerazione oppure un tempo di vita massimo per le PDU e gli ACK. +"
"In una topologia ad albero con N nodi, il numero di canali bidirezionali è uguale a","N","N-1","2N","N(N-1)/2","B","Vedi lucidi “Topologia ad Albero”."
"Nell’intestazione (header) UDP, ovvero nella PCI del protocollo UDP, sono obbligatoriamente contenuti","Il valore del Maximum Segment Size negoziato tra trasmettitore e ricevitore","Il campo checksum, per il rilevamento dell’errore","Alcuni flag (nel campo CODE) per la apertura e chiusura della connessione","","B","L’UDP fornisce soltanto i servizi basilari di livello di trasporto, ovvero: multiplazione delle connessioni e la verifica degli errori mediante un checksum inserita nell’header del pacchetto. (Fonte Wikipedia)"
"Il livello trasporto in Internet","Fornisce un trasporto affidabile dell’informazione se si utilizza il protocollo UDP","Fornisce solo un trasporto inaffidabile","Fornisce sempre un trasporto affidabile dell’informazione","Fornisce un trasporto affidabile dell’informazione se si utilizza il protocollo TCP","D","TCP è un protocollo di rete a pacchetto di livello di trasporto appartenente alla suite dei protocolli internet che si occupa di controllo di trasmissione ovvero rendere affidabile la commutazione dati in rete tra mittente e destinatario. (Fonte Wikipedia)"
"In una tabella di instradamento di un router IP è presente una maschera in cui i primi 24 bit (i più significativi) sono ad 1 e gli ultimi 8 bit (i meno significativi) sono a 0. Quale delle seguenti affermazioni è vera?","La maschera può essere associata ad un indirizzo di classe B “subnettato”","La maschera è sicuramente associata ad un indirizzo di classe A “subnettato”","La maschera non può essere associata ad un indirizzo di classe C","","A","Una maschera di 24 può essere associata a un indirizzo IP di classe A, B o C. Se fosse di classe C, la subnet sarebbe lunga come la subnet della classe: non creerebbe sottoclassi ma sarebbe comunque ammissibile (poiché la maschera sarebbe comunque >= alla subnet della classe)."
"Un protocollo Go-Back-N con finestra di trasmissione di dimensione Wt","Può funzionare solo usando un numero di bit di numerazione maggiore o uguale a log2(Wt)","Può funzionare solo usando un numero di bit di numerazione maggiore o uguale a log2(Wt-1)","Può solo funzionare usando un numero di bit di numerazione maggiore o uguale a log2(Wt+1)","","C","Per definizione Go-Back-N ammette come finestra di trasmissione Wt<2^k. Ovvero Wt <= 2^k-1 ; Wt+1 <= 2^k ; k>=log2(Wt+1)"
"La tecnologia ADSL (Asymmetric Digital Subscriber Line)","È stata progettata principalmente per fornire un servizio di accesso fonia/dati ad un utente residenziale che prevalentemente effettua accessi al Web come client","È stata progettata principalmente per consentire l’interconnessione di reti locali a grandi distanze","È stata progettata principalmente per fornire un servizio di accesso puramente dati ad un fornitore di servizi Web che dispone di uno o più server Web","","A","Vedi lucidi “ADSL”."
"Le caratteristiche di qualità richieste da un servizio di telefonia sono:","Trasferimento delle informazioni con ritardo massimo dell’ordine delle centinaia di millisecondi e jitter del ritardo estremamente basso; bit rate dell’ordine delle decine di kbit/s; probabilità di errore non superiore a qualche unità percentuale; probabilità di blocco non superiore a qualche unità percentuale","Trasferimento delle informazioni con ritardo massimo dell’ordine delle decine di secondi; probabilità di errore trascurabile; probabilità di blocco trascurabile","Trasferimento delle informazioni con ritardo massimo dell’ordine delle centinaia di millisecondi e jitter del ritardo estremamente basso; bit rate dell’ordine delle decine di Mbit/s; probabilità di errore non superiore a qualche unità percentuale; probabilità di blocco non superiore a qualche unità percentuale","","A","Vedi lucidi “Indici di qualità (telefonia)”."
"Nell’instradamento IP originario, ovvero senza uso di maschere, la scelta dell’interfaccia di uscita su cui inoltrare un pacchetto si basa","Sull’indirizzo IP completo (net_id + host_id) del destinatario","Sulla parte di subnet(net_id) dell’indirizzo IP del destinatario","Solo sulla parte di host (host_id) dell’indirizzo IP del destinatario","","B","Per scegliere dove inoltrare il pacchetto è sufficiente sapere la net_id (id di rete) del destinatario."
"Il DNS (Domain Name Service):","Per aumentare l’affidabilità e la velocità di risposta del sistema utilizza un insieme di cache, ma ogni risoluzione deve comunque sempre raggiungere il server autoritativo per il dominio a cui appartiene il nome","È utilizzato dagli operatori per la vendita dei nomi di dominio ai propri clienti che necessitano di creare server pubblici","È basato su un sistema di server gerarchici, ognuno responsabile del naming di una particolare zona","Rappresenta un prodotto per distribuire il carico su più router all’interno della rete locale","C","Il DNS (Domain Name Service) è un sistema utilizzato per la risoluzione di nomi dei nodi della rete (host) in indirizzi IP. Il servizio è realizzato tramite un database distribuito, costituito dai server DNS."
"Quale tra le seguenti affermazioni nel confronto tra i protocolli Aloha e Slotted-Aloha è falsa?","Slotted-Aloha consente un miglior sfruttamento delle capacità del mezzo trasmissivo","Le prestazioni di Aloha sono meno dipendenti rispetto a Slotted-Aloha dai ritardi di propagazione","Aloha è più semplice da implementare non richiedendo una sincronizzazione di slot","","B","Il protocollo Slotted Aloha aggiunge al protocollo Aloha da cui deriva un’ulteriore caratteristica, ovvero quella che il tempo è suddiviso in intervalli discreti chiamati slot. La conseguenza di tale caratteristica è che due trasmissioni o collidono completamente all’interno dello stesso slot oppure non collidono affatto; il problema delle collisioni parziali presenti in Aloha risulta eliminato. (Fonte Wikipedia)"
"Nel caso della commutazione di pacchetto","La funzione di commutazione alloca agli interlocutori un sottoinsieme delle risorse di rete con le quali si instaurano uno o più circuiti per il collegamento dei terminali di utente; le risorse dovranno essere rilasciate qualora esse siano necessarie per l’instaurazione di altri circuiti","La funzione di commutazione alloca agli interlocutori in uso esclusivo un sottoinsieme delle risorse di rete con le quali si instaurano uno o più circuiti per il collegamento dei terminali di utente; le risorse sono rilasciate solo alla fine della comunicazione","La funzione di commutazione non alloca agli interlocutori in uso esclusivo un sottoinsieme delle risorse di rete; tutte le risorse di rete sono sempre disponibili per la trasmissione dei pacchetti; i pacchetti attendono in apposite code che le risorse necessarie diventino disponibili","","C","Vedi lucidi “Commutazione di pacchetto”."
"Nell’intestazione (header) UDP, ovvero nella PCI del protocollo UDP sono obbligatoriamente contenuti","Il campo TTL (Time To Live) che permette l’eliminazione della rete dei pacchetti che hanno attraversato un numero eccessivo di router","La porta di sorgente e di destinazione","L’indirizzo IP di sorgente e destinazione","","B","Vedi lucidi “UDP: segment header”."
"Le tabelle di instradamento in Internet","Indicano la sequenza di router da attraversare per raggiungere una certa destinazione arp","Indicano solo il prossimo router da attraversare per raggiungere la destinazione","Indicano la sequenza di autonomous system da attraversare per raggiungere una certa destinazione","","B","Vedi lucidi “IP routing (next hop)”."
"Il trasferimento dei dati tra due processi applicativi nel modello OSI avviene coinvolgendo","Solamente due entità del livello applicazione, una per ognuno dei due sistemi","Almeno una entità per ognuno dei sette livelli in entrambi i sistemi","Una entità in ciascun sistema, indipendente dal livello cui appartengono","","B","Essendo il livello applicativo il più alto nella pila ISO-OSI, al trasmettitore deve prima passare tutti e 6 i livelli inferiori e poi al ricevitore salire tutti i livelli fino all’ultimo."
"Si considerino due LAN Ethernet A e B, collegate da uno switch B1 e da un router R1 (B1 ed R1 sono in parallelo tra le due LAN). Si supponga che lo switch ed il router abbiano entrambe le porte attive e conoscano tutti gli indirizzi (MAC ed IP rispettivamente) degli host collegati alle due LAN. Quando un host collegato alla LAN A trasmette un pacchetto ARP per ottenere l’indirizzo MAC del router R1, quale tra le seguenti affermazioni è vera?","Il pacchetto è inoltrato sulla LAN B solo dal router R1","Il pacchetto è inoltrato sulla LAN B solo dallo switch B1","Il pacchetto è inoltrato sulla LAN B o dallo switch o dal router, a seconda del valore dell’indirizzo MAC di destinazione contenuto nel pacchetto","Il pacchetto è inoltrato sulla LAN B sia dal router R1 sia dallo switch B1","B","Il router riceve l’ARP e riconosce che è destinato a lui tramite il payload. Quindi non lo inoltra ma risponde all’host che ha richiesto il MAC. Lo switch, essendo il pacchetto ARP inviato in broadcast, lo inoltra a tutte le sue porte tranne quella da cui lo ha ricevuto."
"Il protocollo SMTP","Opera sul protocollo UDP, poiché i messaggi di posta elettronica sono di solito brevi","È basato su messaggi che includono sempre una autenticazione crittografata","È usato per la consegna di messaggi di posta elettronica in uscita da un client verso un dato server","È usato per trasferire messaggi di posta elettronica da un server ad un client installato su un PC","C","SMTP è il protocollo utilizzato per inviare e ricevere mail dai server di posta elettronica. I client usano SMTP solo per inviare il messaggio al server mail il quale si occupa dell’invio del messaggio stesso."
"Nel caso dell’uso di un protocollo Stop-And-Wait su di un canale non sequenziale","Viene sempre gestito senza problemi","Può dare luogo a malfunzionamenti del protocollo, fino a causare perdita di informazione e blocco degli algoritmi","Può dare luogo a malfunzionamenti del protocollo, fino a causare perdita di informazione, ma non il blocco degli algoritmi","","B","Sulle slide è presente un esempio di blocco dell’algoritmo e di perdita di informazioni, succede con bit di numerazione k = 1."
"Un (N-1)-protocollo permette l’interazione","Tra una (N+1)-entità ed una (N-1)-entità","Tra due (N-1)-entità","Tra due entità qualsiasi, indipendentemente dal livello, purchè appartenenti a sistemi diversi","Tra due (N)-entità","B","Per definizione i protocolli lavorano con entità’ dello stesso livello del protocollo"
"Nel caso della commutazione di circuito","La funzione di commutazione alloca agli interlocutori un sottoinsieme delle risorse di rete con le quali si instaurano uno o più circuiti per il collegamento dei terminali di utente; le risorse dovranno essere rilasciate qualora esse siano necessarie per l’instaurazione di altri circuiti","La funzione di commutazione alloca agli interlocutori in uso esclusivo un sottoinsieme delle risorse di rete con le quali si instaurano uno o più circuiti per il collegamento dei terminali di utente; le risorse sono rilasciate solo alla fine della comunicazione","La funzione di commutazione non alloca agli interlocutori in uso esclusivo un sottoinsieme delle risorse di rete; tutte le risorse di rete sono sempre disponibili per la trasmissione dei pacchetti; i pacchetti attendono in apposite code che le risorse necessarie diventino disponibili","","B","Vedi lucidi “Commutazione a circuito”."
"Gli indirizzi IP versione 4 di classe C caratterizzano:","Comunicazioni multicast","(Poche) reti con un grande numero di host","(Molte) reti con un piccolo numero di host","Comunicazioni broadcast","C","Gli indirizzi di classe C sono simili agli indirizzi classless con maschera /24. Questo indica un elevato numero di network e un basso numero di host (256 host per network)."
"I protocolli CSMA e CSMA-CA","Cercano di evitare l’interferenza tra le trasmissioni di utenti che condividono un canale broadcast mediante un ascolto preventivo dello stato del canale; la trasmissione può avere inizio solo se il canale viene ascoltato libero","Non implementano alcun controllo preventivo per evitare l’interferenza tra le trasmissioni di utenti che condividono un canale broadcast; solo nel caso di interferenza (collisione) si interviene, ripetendo la trasmissione dopo un ritardo casuale","Cercano di evitare l’interferenza tra le trasmissioni di utenti che condividono un canale broadcast mediante un ascolto preventivo dello stato del canale; la trasmissione può avere inizio solo se il canale è effettivamente libero","","A","Vedi lucidi “CSMA”."
"Per segnalazione si intende","Il trasferimento di informazioni da un punto ad uno o più altri punti","Lo scambio di informazioni che riguardano il controllo di una rete di telecomunicazioni","Il processo di interconnessione di risorse per il tempo necessario alla comunicazione","","B","Vedi lucidi su “Segnalazione”."
"Il protocollo MIME permette","Di avere dati codificati in modo diverso all’interno del messaggio di posta elettronica","Di prenotare le risorse in rete in modo che un messaggio email con allegato un file multimediale possa raggiungere la destinazione con qualità garantita","Di trasmettere informazioni utili ai destinatari della mail per monitorare la qualità della trasmissione","Controllare la riproduzione di un file multimediale scaricato dalla rete","A","Vedi lucidi “Message format: multimedia extensions”."
"Multiplazione statistica significa","Uno schema fisso di multiplazione in frequenza in cui la banda assegnata ai diversi flussi informativi è proporzionale alla velocità di trasmissione","Uno schema di multiplazione che prevede una scelta casuale tra multiplazione in frequenza e multiplazione nel tempo","Uno schema di multiplazione che non prevede un’assegnazione predeterminata delle risorse trasmissive ai flussi informativi","","C","La C corrisponde alla definizione della multiplazione statistica."
"Qual è l’ordine di grandezza della massima velocità di trasmissione su di una fibra ottica?","1 Tbit/s","1 kbit/s","1 Mbit/s","1 Gbit/s E) 1 bit/s","A","Vedi lucidi “La fibra ottica”."
"Se un router riceve un pacchetto TCP corretto, incapsulato in un pacchetto IP con intestazione destinato ad una porta TCP inesistente (per la quale non esiste un processo applicativo in attesa)","Lo scarta ed invia un pacchetto ICMP alla destinazione","Lo passa ad un processo applicativo di default che gestisce tutti i pacchetti TCP per i quali non esiste un processo applicativo disponibile","Ignora il valore della porta TCP ed invia il pacchetto","Lo scarta ed invia un pacchetto ICMP alla sorgente","C","Dato che il pacchetto TCP è incapsulato in un pacchetto IP, quest'ultimo non potrà rilevare l’errore della porta TCP, quindi la risposta corretta è la C."
"L’incremento della finestra corrente del trasmettitore TCP","E’ regolato solo dal ricevitore","E’ regolato dalla sola fase di controllo di congestione dello slow-start","E’ regolato dalla fase di controllo di congestione detta slow-start e di congestion avoidance","","C","Vedi lucidi “TCP congestion control”."
"I protocolli CSMA e CSMA-CD ammettono versioni 1-persistente e versione non-persistente","Nel caso della versione 1-persistente, se l’ascolto del canale indica che questo è occupato, il tentativo viene proposto di un ritardo casuale; nel caso delle versioni non-persistente, se l’ascolto del canale indica che è occupato, la trasmissione ha inizio non appena termina la trasmissione in corso","Nel caso della versione non-persistente, se l’ascolto del canale indica che questo è occupato, il tentativo viene proposto di un ritardo casuale; nel caso delle versioni 1-persistente, se l’ascolto del canale indica che è occupato, la trasmissione ha inizio non appena termina la trasmissione in corso","In entrambi i casi, se l’ascolto del canale indica che questo è occupato, il tentativo di trasmissione viene postergato con un ritardo casuale","","B","Vedi lucidi “CSMA”."
"Si supponga che tra un trasmettitore e un ricevitore che implementano uno schema ARQ (Automatic repeat request) di tipo Go-Back-N il tempo che intercorre tra l’inizio della trasmissione di una unità dati e la fine della ricezione del riscontro corrispondente sia costante e maggiore del tempo necessario a trasmettere la informazione memorizzabile nella finestra di trasmissione. In questa situazione, l’aumento della velocità di trasmissione sui canali che collegano il trasmettitore al ricevitore","Diminuisce la quantità di informazione mediamente trasferita nell’unità di tempo tra il trasmettitore e il ricevitore","Non riesce ad aumentare la quantità di informazione mediamente trasferita nell’unità di tempo tra il trasmettitore e il ricevitore","Aumenta la quantità di informazione mediamente trasferita nell’unità di tempo tra il trasmettitore e il ricevitore","","B","n = Wt / (1+2(Tp/Tx)) => a velocità maggiori, Se Tx diminuisce, il denominatore di n aumenta → n diminuisce"
"Nel modello OSI, la delimitazione delle trame, ovvero la capacità di identificare su un canale la fine di un pacchetto, è una funzione:","Eseguita da tutti i livelli OSI","Tipica del livello o sottolivello adiacente al livello fisico","Esclusiva del livello rete","","B","Se ne occupa il livello 2. finestra di ricezione di questo ricevitore fittizio"
"La tecnologia Frame Relay prevede","Il trasferimento di unità dati di dimensione fissa in modalità non orientata alla connessione","Il trasferimento di unità dati di dimensione fissa su circuiti virtuali","Il trasferimento di unità dati di dimensione variabile su circuiti virtuali","","C","Vedi lucidi “Frame Relay”."
"Il meccanismo di Network Address Translation (NAT)","Realizza in termini OSI una funzione di mapping tra (3)-indirizzi e (2)-indirizzi","Può modificare gli indirizzi IP dei pacchetti","Permette di associare l’indirizzo logico di un host all’indirizzo IP","Modifica il percorso dei pacchetti sulla rete internet","B","Vedi lucidi “NAT”."
"In assenza di altri pacchetti, il tempo minimo necessario ad un pacchetto per attraversare il commutatore operante in modalità store-and-forward","Cresce al crescere della velocità di trasmissione del pacchetto","Cresce al crescere della distanza tra la sorgente e la destinazione del pacchetto","Cresce al crescere del numero di bit di cui il pacchetto è composto","","C","Vedi lucidi “Store and forward”."
"Il programma applicativo PING","Utilizza messaggi del protocollo ICMP per determinare il percorso seguito per raggiungere un host appartenente alla rete internet","Utilizza una opzione del protocollo TCP per verificare la connettività di un host appartenente alla rete internet","Utilizza messaggi del protocollo ICMP per verificare la connettività di un host appartenente alla rete internet","","C","Vedi lucidi del comando “PING”."
"E’ data una topologia di rete con N nodi e M canali unidirezionali. Ogni canale ha capacità C Mbit/s. L’algoritmo di instradamento è tale da distribuire uniformemente il traffico sui canali della rete. Il numero medio di canali attraversato da un pacchetto nel percorso della sorgente alla destinazione è pari a D. La quantità massima di traffico smaltito dalla rete aumenta se:","Diminuisce C a pari N, M e D","Diminuisce M a pari N, D e C","Diminuisce D a pari N, M e C","Diminuisce N a pari D, M e C","C","se la distanza media diminuisce, a parità di capacità del canale ,il traffico smaltito dovrebbe aumentare."
"La multiplazione statistica","Può essere usata solamente in reti connectionless","Viene usata in reti telefoniche perché è strettamente associata all’uso di canali a velocità costante","Consiste nella condivisione di una stessa risorsa (canale trasmissivo, dispositivo di memoria, etc.) da parte di sorgenti di traffico che la usano in base alle necessità istantanee","Può essere usata solamente in reti orientate alla connessione, ma non a commutazione di circuito","C","Per definizione nella multiplazione statistica si può far usare la stessa risorsa in frequenza o in tempo a più sorgenti scommettendo sul fatto che queste non le useranno contemporaneamente. Vedi spiegazione videolezione 5."
"In una rete a commutazione di pacchetto operante in modalità store-and-forward, una maggior dimensione della unità dati","Aumenta la complessità dell’instradamento di ogni unità dati","Aumenta il tempo che intercorre da quando una unità dati raggiunge l’ingresso di un commutatore a quando questa lascia il commutatore","Aumenta il numero di operazioni che devono essere effettuate da un commutatore per trasferire la stessa quantità totale di informazione utente","","B","Pacchetti lunghi portano ad un maggior tempo di store da parte del nodo ricevente."
"Il controllo di congestione nel protocollo TCP","Non è disponibile","Si ha con ACK duplicati e sullo scadere del time-out","Si basa sulla segnalazione da parte del ricevitore della finestra di ricezione disponibile","","B","Il controllo di congestione va a decrementare la CWND di un valore che dipende dal tipo di congestione rilevata, ovvero se è stato rilevato Timeout o se sono stati ricevuti ACK duplicati."
"I protocolli a finestra sono chiamati anche ARQ (Automatic Retransmission reQuest) perchè","Nel caso di arrivo di un pacchetto errato il ricevitore chiede la ritrasmissione","Nel caso di mancato ritorno di un ACK il ricevitore chiede la ritrasmissione","Lo scadere del timeout al trasmettitore corrisponde ad una richiesta automatica di ritrasmissione","","C","vedi slide “Protocolli a Finestra”"
"Nel caso della segnalazione a canale comune","Ad ogni canale per il trasferimento di informazioni di utente corrisponde un canale di segnalazione","Un solo canale di segnalazione viene usato per controllare numerosi canali che trasferiscono informazioni di utente; il canale di segnalazione opera in modalità pacchetto","Un solo canale di segnalazione viene usato per controllare numerosi canali che trasferiscono informazioni di utente; il canale di segnalazione opera in modalità circuito","","B","nella segnalazione a canale comune le informazioni di utente viaggiano su canali separati ma con un unico canale di segnalazione usato per controllare la segnalazione di tutti i canali utenti. Il canale di segnalazione funziona a pacchetto."
"Allo stato attuale della tecnologia, è possibile trasmettere informazione senza amplificazione lungo la tratta trasmissiva su distanze maggiori utilizzando","Il canale hertziano (radio, satellite)","Le fibre ottiche","I doppini telefonici","I cavi coassiali","A","La B è sbagliata, fibra ottica: totale immunità da disturbi elettromagnetici, bassa attenuazione (~0.1dB/km), dipendente dalla lunghezza d’onda, richiede cavi con amplificatori ottici ridondati ogni 30/50 Km. La risposta giusta è la A."
"La funzione di (N+1)-direttorio associa","Un (N+1)-indirizzo ad un (N)-indirizzo","Un (N+1)-titolo ad un (N)-indirizzo","Un (N+1)-titolo ad un (N+2)-indirizzo","","B","Esiste una funzione di livello N detta (N)direttorio che stabilisce una corrispondenza tra gli (N)titoli e gli (N-1)indirizzi degli (N-1)SAP attraverso cui le (N)entità accedono ai (N-1) servizi. Essendo l’(N+1) direttorio la risposta dovrebbe quindi essere la B. Fonte: https://www.docsity.com/it/appunti-di-reti-telematiche-modello-osi/496/"
"Il preambolo che viene anteposto alle unità dati IEEE 802.3 (Ethernet) è necessario per","Consentire di mantenere la rete sincrona","Consentire la sincronizzazione dei ripetitori e dei ricevitori incontrati sulla rete locale","Consentire ai ripetitori di ritrasmettere le unità dati alla stessa velocità alla quale sono stati ricevuti","","B","Preambolo (di 7 byte): ciascuno di questi primi 7 byte ha valore 10101010 e servono a “svegliare” gli adattatori del ricevente e a sincronizzare gli oscillatori con quelli del trasmittente. Fonte:“Wikipedia”."
"Se un router rileva un checksum errato su un pacchetto IP, e quindi un potenziale errore sugli indirizzi IP contenuti nel pacchetto, in fase di instradamento","Lo scarta ed invia un pacchetto ICMP alla sola sorgente","Lo scarta ed invia un pacchetto ICMP sia alla sorgente sia alla destinazione","Lo scarta senza segnalarlo a nessun’altra entità di rete","Lo inoltra comunque verso la destinazione, inviando tuttavia un pacchetto ICMP alla sorgente per segnalare l’errore","C","L’header checksum di IP è un campo usato per il controllo di errori dell’header."
"Nel modello OSI, quali delle seguenti funzioni è svolta da entità del livello sessione?","L’instradamento delle unità dati in una tipologia non completamente connessa","La scelta della sintassi di rappresentazione dei dati per una sessione di lavoro","La definizione di punti di sincronizzazione in un flusso di unità dati","","C","I compiti del livello sessione sono: possibilità di intervento su dialogo tra pari, se ci sono errori nella connessione si ripristina la sessione utilizzando punti di sincronizzazione, gestione attività."
"La complessità delle procedure di instradamento utilizzate, all’interno di un nodo, per inoltrare informazioni ha maggior influenza sulle prestazioni di una rete nel caso di","Commutazione di pacchetto senza circuiti virtuali (modalità datagram)","Commutazione di pacchetto con circuiti virtuali","Commutazione di circuito","","A","Nel caso di datagram (no circuiti virtuali) occorre identificare in ogni pacchetto la coppia sorgente/destinazione cosa che comporta una maggiore complessità delle prestazioni di un nodo di rete. Nel caso di circuiti virtuali è sufficiente invece identificare il circuito virtuale. La coppia sorgente/destinazione è utilizzata solamente in fase di apertura del circuito. Vedi lucidi “Informazione di indirizzamento”."
"Il formato LLC SNaP (SubNetwork access Protocol) del protocollo IEEE 802.2 LLC","Permette la condivisione di un mezzo trasmissivo broadcast","Permette la coesistenza di un gran numero di protocolli di livello superiore al livello 2","È richiesto in Internet per trasferimento di unità dati nelle sottoreti","Garantisce il riconoscimento di errori di trasmissione","B","SNAP indica il protocollo di livello superiore. Vedi “Reti private/locali LLC Logical Link Control”."
"Nei protocolli CSMA e CSMA-CD il concetto di “persistenza” si riferisce a:","La modalità con cui avviene il tentativo di trasmissione, se l’ascolto del canale indica che questo è occupato","Il calcolo del tempo per il quale una stazione è autorizzata ad occupare il canale","La modalità con cui avviene il tentativo di ritrasmissione, se si è verificata una collisione","Il tempo durante il quale due trasmissioni si sovrappongono sul canale, condizione necessaria perchè la collisione sia rilevata","A","vedi lucidi “Protocolli di Accesso per Reti LAN”, non è la B perchè la fase di ‘Carrier Sense’ dove si ascolta il canale viene effettuata già alla prima trasmissione e non in seguito ad una trasmissione fallita (ovvero solo quando c’è necessità di ritrasmissione)."
"Nell’intestazione (header) IP, ovvero nella PCI del protocollo IP, sono contenuti","Il campo Checksum a 16 bit per il controllo di correttezza dell’intestazione e dei dati contenuti nel pacchetto","Il campo Sequence Number per la numerazione dei segmenti","I campi Identification e Fragment Offset che permettono la gestione della frammentazione dei pacchetti","","C","La risposta A è sbagliata, dato che dato che l’header checksum non controlla la correttezza dei dati ma solo la correttezza dell’intestazione. E’ sbagliata anche la B dato che il campo ‘Sequence Number’ è introdotto nell’header del protocollo TCP (quindi Strato Trasporto e non Strato Rete dove opera IP) per garantire l’arrivo dei pacchetti in ordine corretto."
"Per quale motivo la tecnologia VDSL ha prestazioni elevate solo se la distanza tra cabina di strada e casa dell’utente è inferiore al centinaio di metri?","Perché si riduce il ritardo end-to-end tra la casa dell’utente e la centrale dell’operatore","Perché si riducono i costi della posa dei cavi","Perché la minor lunghezza del cavo di rame permette l’uso di modulazione a bit rate più elevato","Perchè le connessioni devono attraversare un minor numero di nodi intermedi","C","Vedi lucidi “VDSL”."
"Il protocollo PPP (Point-to-Point Protocol) non usa i campi di indirizzo perché","Sfrutta gli indirizzi del MAC sottostante","Sfrutta gli indirizzi del livello superiore","Deve operare su collegamenti punto-punto","Non ha spazio nell’intestazione della trama","C","Vedi lucidi sul “PPP”."
"Il protocollo DHCP prevede che","Un client utilizzi un indirizzo IP non appena lo riceva dal server in un messaggio DHCP Offer.","Un client possa scollegarsi dalla rete senza comunicarlo al server.","Se esiste un server, questo è unico nella rete locale del client.","Il server non fornisca mai nella sua risposta anche l’indirizzo IP di un server DNS.","B","La risposta A è sbagliata, dato che dopo la DHCP Offer ho solo delle proposte e l’IP non è ancora stato assegnato. Solamente dopo il DHCP ACK il client può fare uso dell’indirizzo IP offerto dal server DHCP. La C risulta sbagliata dato che nella rete locale di un client possono esistere più server DHCP. La D è sbagliata, infatti il server DHCP fornisce al client DHCP indirizzi IP di uno o più server DNS. Per esclusione la risposta giusta è la B. Fonte “Wikipedia”."
"Le funzioni fondamentali del livello collegamento nel modello OSI sono","Controllo di flusso e recupero degli errori di trasmissione","Instradamento delle unità dati","Trasferimento delle cifre binarie sul canale","","A","Vedi lucidi “Livello Collegamento”. La B è falsa perché l’instradamento è compito del Livello Rete, mentre la C è falsa perché l’unico livello che si interfaccia con il canale è il Livello Fisico."
"Durante la fase di slow-start del controllo di congestione del protocollo TCP, la finestra corrente del trasmettitore","Viene dimezzata per ogni riscontro (ACK) mancante","Cresce di un segmento per ogni riscontro (ACK) ricevuto","Raddoppia per ogni riscontro (ACK) ricevuto","Resta costante nel tempo","B","Se c’è stato un time-out, per definizione e per restare conservativi, TCP Reno/Tahoe portano la cwnd ad 1 (entrano nella fase di slow-start). Qui la cwnd cresce di 1 MSS per ogni ACK ricevuto. Vedi lucidi TCP Reno."
"Qual è l’ordine di grandezza della massima velocità di trasmissione su cavo coassiale?","1 Tbit/s","1 Mbit/s","1 bit/s","1 kbit/s 5. 1 Gbit/s","B","Cavo coassiale: velocità trasmissive circa le centinaia di Mbit/s. Vedi lucidi “Cavo coassiale”."
"I protocolli a finestra possono essere usate","Solo per le comunicazioni che utilizzano una connessione","Sia per le comunicazioni che utilizzano una connessione che per quelle che non la utilizzano","Solo per le comunicazioni che non utilizzano una connessione","","A","I protocolli a finestra richiedono un handshake iniziale e quindi una connessione"
"L’Address Resolution Protocol (ARP)","Consente di ottenere un indirizzo Ethernet da assegnare alla scheda della macchina che ha effettuato la richiesta ARP","Consente ad un host di conoscere l’indirizzo iP del suo DNS server","Realizza in termini OSI una funzione di mapping (traduzione) tra (3)-indirizzi e (2)-indirizzi","","C","ARP consente di conoscere l’indirizzo MAC di un’altro host conoscendo il suo indirizzo IP. La A è sbagliata perché l’indirizzo MAC che viene restituito non è quello della macchina che ha effettuato la richiesta. La B è sbagliata perché quello è il compito di una DNS Discover e non di una ARP Request."
"Nel modello OSI, la segmentazione eseguita da un’entità di livello (N+1)","Crea tante (N+1)-PDU a partire da una singola (N+1)-SDU","Crea una (N+1)-PDU a partire da tante (N)-SDU","Accorpa tante (N+1)-PDU in un’unica (N)-SDU","Crea tante (N+1)-PCI per la stessa (N+1)-PDU","A","La segmentazione può avvenire costruendo più (N)-PDU da una (N)-SDU, oppure, generando più (N-1)-SDU da una (N)-PDU. Andando quindi a sostituire N con N+1 si ottiene la risposta A. Vedi lucidi “Creazione PDU”."
"Siano WT > 1 e WR > 1 le dimensioni, rispettivamente, della finestra di trasmissione e delle finestre di ricezione in un protocollo a finestra. Sia inoltre N la quantità totale di numeri di sequenza disponibili per distinguere le unità dati. Quale dei seguenti vincoli è condizione necessaria e sufficiente ad evitare malfunzionamenti su di un canale che non inverte l’ordine delle unità dati?","","","","","D","Supponendo N=2^k (visto che N=quantità totale di n°seq) la formula da rispettare è Wt+Wr<=2^k , ovvero Wt+Wr<=N , ovvero N >= Wt+Wr"
"I tre elementi fondamentali che definiscono un protocollo sono:","Algoritmi, formati, temporizzazioni","Algoritmi, formati, entità","Algoritmi, servizi, temporizzazioni","","A","Per definizione un protocollo si definisce come semantica, sintassi, temporizzazione. Vedi lucidi “Protocolli”."
"Una scheda Ethernet di un Bridge legge e decide se e come instradare","Tutti i pacchetti, indipendentemente dall’indirizzo di destinazione","Solo i pacchetti con indirizzo MAC di destinazione unicast pari a quello del bridge","Solo i pacchetti con indirizzo MAC di destinazione broadcast","Solo i pacchetti con indirizzo MAC di destinazione multicast","A","Per definizione ethernet di un Bridge legge e instrada tutti i pacchetti."
"Quale tra le seguenti affermazioni è falsa?","Un router IP può utilizzare il protocollo ARP (Address Resolution Protocol) per conoscere l’indirizzo MAC del router o dell’host cui deve consegnare un pacchetto IP","Un host può utilizzare messaggi ICMP per verificare la connettività di un altro host alla rete Internet.","Un router IP, che non effettua funzione di NAT (Network Address Translator), non modifica gli indirizzi IP dei pacchetti che deve ri-trasmettere","Un host IP effettua sempre solo consegne dirette","D","A B e C risultano esatte essendo le definizioni di ARP, ICMP, e NAT rispettivamente. Per esclusione la risposta è la D."
"Per evitare il blocco o la perdita di unità dati in un protocollo a finestra a causa di canali non sequenziali, è utile","Numerare le PDU su un numero di bit maggiore di 1 e non limitare il tempo di vita delle PDU nella rete","Numerare le PDU su un numero di bit maggiore di 1 e limitare il tempo di vita delle PDU nella rete","Numerare le PDU su un solo bit e limitare il tempo di vita delle PDU nella rete","","B","Per definizione nei protocolli a finestra occorre numerare le PDU su un numero di bit maggiore di 1. E’ necessario che i pacchetti abbiano un tempo di vita minimo TTL (Time To Live) altrimenti si porterebbe alla congestione (ovvero il blocco) dei nodi intermedi."
"I vincoli sulla massima estensione di una rete locale IEEE 802.3 (CSMA/CD) derivano","Sia dal ritardo di propagazione dei segnali da un estremo all’altro della rete, sia dall’attenuazione dei segnali sui mezzi trasmissivi.","Sia dall’attenuazione dei segnali sui mezzi trasmissivi, sia dai ritardi massimi tollerati dagli utenti del servizio MAC","Dal numero di bit che sarebbero necessari per aumentare le unità dati nel caso di grandi ritardi di propagazione","Dal numero limitato di indirizzi di livello 35","A","con una rete troppo estesa si aumenta la probabilità di collisione (un host non si accorge in tempo che qualcun altro ha già iniziato a trasmettere)"
"Nel caso in cui si utilizzi un protocollo a finestra su un canale che non consente inversioni nell’ordine di sequenza delle unità dati trasmesse (ovvero su canale sequenziale), supponendo di utilizzare una numerazione progressiva non ciclica, le finestre di trasmissione e di ricezione non possono mai trovarsi nella seguente situazione:","Nessun numero di sequenza compreso nella finestra di ricezione è compreso anche nella finestra di trasmissione","Il numero di sequenza più piccolo nella finestra di trasmissione è più piccolo del più piccolo numero di sequenza nella finestra di ricezione","Il numero di sequenza più piccolo nella finestra di ricezione è più piccolo del più piccolo numero di sequenza nella finestra di trasmissione.","Il numero di sequenza più grande nella finestra di ricezione è più grande del più grande numero di sequenza nella finestra di trasmissione","C","A è possibile nel caso in cui tutti i pacchetti sono stati ricevuti ma ancora nessun ACK è arrivato al trasmettitore. B e D sono entrambe il caso in cui la finestra del ricevitore è avanzata ma il trasmettitore non ha ancora ricevuto l’ACK. C non si può verificare perché la finestra di trasmissione può avanzare solo in seguito alla ricezione di ACKs i quali devono essere mandati dal ricevitore dopo la ricezione di un pacchetto, ma la ricezione comporterebbe per forza uno slide in avanti del ricevitore, quindi il ricevitore non rimane mai “indietro” rispetto al trasmettitore."
"I protocolli di sottolivello MAC (Medium Access Control) hanno scopo","Di permettere la condivisione di un canale broadcast mediante un algoritmo distribuito","Di permettere la condivisione di un canale broadcast mediante un algoritmo centralizzato","Di permettere la condivisione di un canale punto-punto","","A","Nel sottolivello MAC i protocollo ad accesso casuale risultano essere: Aloha, CSMA, CSMA/CD e CSMA/CA. Nei protocolli ad accesso casuale tutte le stazioni paritarie, implementano un algoritmo distribuito per accedere al mezzo, non esiste alcun elemento centralizzato. Fonte: “Internet”."
"Lo standard IEEE 802.3 (CSMA/CD) prevede unità dati (comprendendo anche lo strato 2)","Di dimensione variabile tra 10 e 4500 ottetti","Di dimensione variabile tra 64 e 1518 ottetti","Di dimensione fissa pari a 53","","B",""
"Quale tra le seguenti affermazioni è vera?","Nello standard commerciale Ethernet (protocolli di accesso CSMA/CD), si è definita una dimensione minima di pacchetto per garantire una corretta identificazione delle collisioni","Nello standard commerciale Ethernet (protocollo di accesso CSMA/CD), si è definita una dimensione minima di pacchetto per distinguere i pacchetti da quelli dello standard IEEE 802.3","Nello standard commerciale Ethernet (protocollo di accesso CSMA/CD), si è definita una dimensione minima di pacchetto per garantire prestazioni migliori, in termini di traffico smaltito, al protocollo di accesso rispetto a quello che si avrebbero con pacchetti di dimensione massima","","A","Su Ethernet la collisione è funzione della lunghezza del pacchetto."
"Nell’intestazione (header) TCP, ovvero nella PCI del protocollo TCP, sono obbligatoriamente contenuti","Il campo TTL (Time To Live) che permette l’eliminazione dalla rete dei pacchetti che hanno attraversato un numero eccessivo di router","Il sequence number e l’ack number, per la numerazione del segmento e dei riscontri (ACK)","Il campo fragmentation per la gestione della frammentazione dei segmenti","","B","La A è sbagliata perché il campo TTL è introdotto nell’header dello Strato Rete dal protocollo IP e non da TCP allo Strato Trasporto. La C è sbagliata perché la frammentazione (ovvero la divisione in più parti di una PDU) è gestita dallo Strato Rete e non dallo Strato Trasporto."
"Un protocollo","E’ un insieme di regole semantiche e sintattiche per consentire la comunicazione tra due entità di pari livello","E’ un insieme di regole semantiche e sintattiche per consentire la comunicazione tra due entità di stesso sistema","E’ un insieme di regole semantiche e sintattiche per consentire la comunicazione tra due sistemi che vengono collegati tra loro","E’ un insieme di regole semantiche e sintattiche per consentire la comunicazione tra due entità di sistemi diversi","A","Per definizione, un protocollo permette a un’(N)entità di comunicare con altre (N)entità, quindi dello stesso livello."
"In una rete a pacchetto Store-and-Forward l’aumento del numero di nodi tra sorgente e destinazione","Porta ad un aumento del tempo di consegna, direttamente proporzionale alla dimensione del pacchetto","Porta ad un aumento del tempo di consegna, direttamente proporzionale alla media delle velocità dei canali","Porta ad un aumento del tempo di consegna, inversamente proporzionale alla dimensione del pacchetto","","A","In modalità Store-and-Forward ogni nodo deve prima effettuare lo store di ogni pacchetto e solo successivamente può inoltrarlo al nodo successivo, quindi se aumenta il numero di nodi di un valore N, si dovrà ripetere questa procedura altre N volte. Quindi l’aumento del numero di nodi intermedi aumenta, in modo direttamente proporzionale alla dimensione del pacchetto, il tempo di consegna."
"Il protocollo UDP fornisce un servizio","Inaffidabile (ovvero senza garanzia di consegna) e connectionless","Affidabile (ovvero con garanzia di consegna) e connectionless","Inaffidabile (ovvero senza garanzia di consegna) e connection oriented","","A","Per definizione UDP: implementa solo funzioni di multiplazione e demultiplazione, non comunica al ricevitore che sta per ricevere un pacchetto (ovvero è senza connessione o connectionless) ed è inaffidabile in quanto non implementa un meccanismo che permetta di capire se il pacchetto è arrivato o meno alla destinazione. Vedi lucidi “UDP”."
"Il protocollo TCP fornisce un servizio","Inaffidabile (ovvero senza garanzia di consegna) e connectionless","Affidabile (ovvero con garanzia di consegna) e connectionless","Inaffidabile (ovvero senza garanzia di consegna) e connection oriented","Affidabile (ovvero con garanzia di consegna) e connection oriented","D","TCP fornisce funzioni di multiplazione e demultiplazione, controllo di flusso e congestione, comunica al ricevitore che sta per ricevere un pacchetto instaurando una connessione con esso (ovvero è connection oriented) ed è affidabile in quanto, tramite l’utilizzo dei Protocolli a Finestra (e quindi degli ACK e dei Timeout), ha i mezzi per capire se il pacchetto è arrivato o meno alla destinazione. Vedi lucidi “TCP”."
"Il PPP(Point-to-point-Protocol)","Utilizza la tecnica di byte-stuffing per garantire la trasparenza dei dati","Utilizza la tecnica di bit-stuffing per garantire la trasparenza dei dati","Non garantisce la trasparenza dei dati","","A","Vedi lucidi sul PPP. Inserisce un byte di escape (01111101) prima di ciascun 01111110 che appare nella PDU per garantire Trasparenza."
"Confrontando Fast Ethernet a 100 Mb/s (100Base T) con Ethernet a 10 Mb/s, quale delle seguenti affermazioni è falsa?","I vincoli di distanza tra i nodi sono più stringenti","Viene utilizzato un diverso protocollo di accesso","Viene utilizzato un diverso livello fisico","","B","La A è vera perché da Ethernet a Fast Ethernet si diminuiva la dimensione della rete di un fattore 10. La C è vera perché Base T indica il doppino, mentre Ethernet a 10Mb/s era su coassiale. L’unica falsa è la B."
"Quali dei seguenti protocolli non realizza funzioni di rilevamento errore sulle unità dati?","LaPB (Link access Protocol Balanced)","IEEE 802.2 LLC (Logical Link Protocol)","PPP (Point-to-Point Protocol)","LaPF (Link access Procedure to Frame-mode bearer services)","B","Slide “Strato collegamento (Strato 2)” pag 48, dice chiaramente che LLC non fa controllo di errore (non c’è il campo CRC)."
"Quale tra le seguenti affermazioni è vera?","Una topologia T1, con N nodi, C canali e distanza media M1, consente sempre di smaltire una quantità di traffico minore di una topologia T2, con N nodi, C canali e distanza media M2>M1, solo con traffico uniformemente distribuito tra nodi.","Una topologia T1, con N nodi, C canali e distanza media M1, consente sempre di smaltire una quantità di traffico minore di una topologia T2, con N nodi, C canali e distanza media M2>M1, indipendentemente dalla distribuzione di traffico.","La quantità di traffico smaltita in una topologia T1, con N nodi, C canali e distanza media M1, rispetto a quella smaltita in una topologia T2, con N nodi, C canali e distanza media M2>M1, dipende dalla distribuzione del traffico tra nodi","","C","A pari capacità disponibile sui canali, la quantità di traffico smaltibile da una rete dipende dalla media delle distanze tra ogni coppia di nodi sulla rete (slide: Topologie e prestazioni)."
"Tra le principali differenze tra una rete Frame Relay ed una rete Internet IP si possono annoverare:","L’utilizzo o il non utilizzo di tecniche ARQ (automatic Retransmission reQuest) in ogni tratta della rete","Il trasferimento di informazione in modalità orientata alla connessione invece che non orientata alla connessione","Trasferimento di unità dati di dimensione variabile anziché di dimensione fissa","","B","Frame relay usa circuito virtuale e non datagram (come invece fa IP). Entrambi utilizzano pacchetti di dimensione variabile."
"Si consideri una rete LAN Ethernet con 10 nodi. Si partizioni la rete in due reti interconnesse da bridge trasparenti. Quale tra le seguenti affermazioni è falsa?","Il bridge separa i domini di collisione delle due reti interconnesse","Le prestazioni della rete in termini di traffico smaltito migliorano in qualunque condizione di traffico, ovvero in modo completamente indipendente dalla distribuzione del traffico tra nodi","Il bridge introduce un ritardo aggiuntivo nelle trasmissioni tra nodi collegati mediante bridge","Non è necessario modificare la configurazione dei nodi collegati alla LAN per permettere un corretto funzionamento dopo la partizione della rete","B","da definire"
"Si considerino due LAN (Ethernet 10BaSE) A e B, collegate da un bridge B1 e da un router R1 (B1 ed R1 sono in parallelo tra le due LAN). Si supponga che il bridge ed il router abbiano entrambe le porte attive e conoscano tutti gli indirizzi (MAC ed IP rispettivamente) degli host collegati alle due LAN. Quando un host collegato alla LAN A trasmette un pacchetto IP verso un host collegato alla LAN B","Il pacchetto è inoltrato sulla LAN B o dal bridge o dal router, a seconda del valore dell’indirizzo MAC di destinazione contenuto nel pacchetto","Il pacchetto è inoltrato sulla LAN B sia dal router R1 che dal bridge B1","Il pacchetto è inoltrato sulla LAN B solo dal router R1","Il pacchetto è inoltrato sulla LAN B solo dal bridge B1","A","da definire"
"La dimensione della finestra corrente del trasmettitore TCP nel corso di una connessione","E’ regolata esclusivamente sulla base della segnalazione da parte del ricevitore della dimensione della finestra di ricezione per effettuare il controllo di flusso","Varia al variare della congestione nella rete e per il controllo di flusso esercitato dal ricevitore","E’ fissa","","B","Si ha che TWND <= min{CWND, RWND} quindi la finestra di trasmissione dipende sia dal variare della congestione di rete (CWND) e sia da quanto Buffer è disponibile sul ricevitore (RWND)"
"In caso di perdita di segmenti identificata mediante la ricezione di tre riscontri, la dimensione della finestra corrente del trasmettitore TCP reno","Viene portata ad un valore pari a metà della soglia","Viene portata ad un valore pari al valore della soglia","Viene riportata al valore iniziale, pari ad un segmento","","B","I 3 riscontri corrispondono alla ricezione di 3 ACK duplicati, resto nella fase di Congestion Avoidance con il dimezzamento della CWND, quindi la B è la risposta giusta (TCP reno)."
"Qual è l’ordine di grandezza della massima velocità di trasmissione su un doppino?","1 Tbit/s","1 kbit/s","1 Mbit/s","1 Gbit/s E) 1 bit/s","D","Vedi lucidi “Doppino”."
"Un router IP","Esegue sia frammentazione che il riassemblaggio del datagram","Esegue frammentazione dei datagram, ma non il riassemblaggio","Non esegue frammentazione dei datagram","Esegue frammentazione dei datagram, e il riassemblaggio solo se settato un bit opportuno nell’header IP","B","Il riassemblaggio è compito della destinazione finale. Fonte “Marchetto”."
"La segnalazione a canale comune","Richiede l’uso di messaggi di segnalazione che contengano l’identificativo della connessione a cui si riferiscono","È usata solamente nelle reti a commutazione di pacchetto, perché nelle reti a commutazione di circuito viene usata la tecnica di segnalazione a canale associato","Non può essere usata nelle reti a commutazione di cella o pacchetto perché è troppo difficile identificare le connessioni in queste reti senza associare loro un canale di segnalazione","Fa uso di comuni canali di trasmissione che vengono associati a ciascuna connessione in fase di apertura della connessione stessa","A","A è la definizione di segnalazione a canale comune: un canale separato gestito a commutazione di pacchetto, dove in ogni pacchetto sono contenuti l’informazione di segnalazione che riguarda uno specifico canale controllato e l’identificativo della connessione. B: la segnalazione a canale comune è usata tipicamente nelle reti telefoniche (commutazione di circuito). C: senza significato. D: definizione di canale associato. Fonte: videolezioni."
"La multiplazione a divisione di codice","è un caso particolare di sola divisione di tempo","è un caso particolare di sola divisione in frequenza","permette di usare multiplazione e commutazione sullo stesso mezzo fisico","non richiede necessariamente di essere accoppiata a multiplazione di tempo o di frequenza","D","A e B sono false, C è errata perché la commutazione è la condivisione del nodo, non del mezzo fisico, mentre la multiplazione è il modo in cui si divide il mezzo fisico. Fonte: videolezioni."
"Un (N)-protocollo regola le interazioni","tra una (N)-entità ed un (N-1)-SAP","tra (N)-entità dello stesso sistema o di sistemi diversi","tra una (N)-entità e tutte le entità al di sotto di essa nella pila protocollare","tra una (N)-entità e la (N-1)-entità","B","definizione di protocollo. Fonte: videolezioni."
"Un protocollo a finestra di tipo Go-Back-N prevede che:","Nel momento in cui un pacchetto è ricevuto con un errore siano ritrasmesse le ultime N unità dati","Il trasmettitore riceva i riscontri per le ultime N unità dati trasmesse prima di poter iniziare la trasmissione di altre unità dati","Il trasmettitore non possa inviare più di N unità dati prima di aver ricevuto uno o più riscontri","Ogni volta che scade un time-out sia ritrasmessa l’unità dati il cui ordine di sequenza è pari al numero di sequenza dell’ultima unità dati trasmessa diminuito di N","C","A: la ritrasmissione avviene con timeout e non con pacchetti ricevuti con errori. B: basta ricevere un ACK che faccia avanzare la finestra. D: il timeout può scadere durante la trasmissione della finestra e la regola non è di ritrasmettere andando indietro, ma ritrasmettere il contenuto della finestra. Fonte: videolezioni."
"Qual di queste affermazioni relative ad HTTP è falsa?","HTTP è un protocollo a livello applicazione che permette di trasferire gli oggetti di una pagina web","HTTP è un linguaggio che permette di definire il formato delle pagine Web","HTTP si basa su un’architettura client-server","Senza soluzioni aggiuntive, HTTP è un protocollo tipo stateless","B","HTTP (Hypertext Transfer Protocol) non è un linguaggio, ma un protocollo di comunicazione. È utilizzato per il trasferimento di dati, in particolare per il recupero di risorse come pagine web. La definizione del formato delle pagine web è solitamente gestita da linguaggi di markup come HTML (Hypertext Markup Language) e fogli di stile come CSS (Cascading Style Sheets)."
"Usando la tecnica del piggybacking nei protocolli a finestra si consegue il vantaggio di:","Confermare attraverso un unico riscontro la ricezione di più di una unità dati","Trasmettere unità dati anche al di fuori della finestra di trasmissione","Aumentare la probabilità che un ACK sia ricevuto dal trasmettitore","Ridurre la percentuale di informazioni di controllo che sono trasportate in rete","D","per definizione, il Piggybacking è usato nel caso di flussi di dati bidirezionali (Full-Duplex) e permette di includere l’ACK negli header dei pacchetti che viaggiano in direzione opposta."
"Il messaggio DHCP Discover viene spedito tramite UDP usando come IP destination address:","Il limited broadcast IP address 255.255.255.255","L'indirizzo di loopback 127.0.0.1","L'indirizzo IP dei DNS server locale","L'indirizzo IP dei DHCP server sulla rete locale","A","la DHCP Discover viene trasmessa con indirizzo IP destination 255.255.255.255 (Broadcast) e indirizzo di porta 67 (aggiunto da UDP). Solo i server DHCP (che possono essere più di uno all’interno della stessa rete) hanno un servizio di ricezione attivo sulla porta 67, quindi tutti gli altri host che ricevono la DHCP Discover la ignorano."
"Quale svantaggio presenta la commutazione di pacchetto di tipo datagram rispetto alla commutazione di circuito?","Calcolo dell'instradamento alla sorgente","Variabilità dei ritardi dei dati","Calcolo dell'instradamento all'apertura della comunicazione","Elevato tempo di apertura della comunicazione","B",""
"In assenza di errori, l'efficienza di un protocollo Stop and Wait:","è sempre superiore all'efficienza di un protocollo Go-Back-N","è inferiore all'efficienza di un protocollo Go-Back-N solo se il tempo di trasmissione di un pacchetto più il tempo di andata e ritorno sul canale è inferiore al tempo necessario ad inviare l'intera finestra di trasmissione del protocollo Stop and Wait","è inferiore all'efficienza di un protocollo Go-Back-N solo se il tempo di trasmissione di un pacchetto è superiore al tempo di propagazione di andata e ritorno sul canale","è sempre inferiore all'efficienza di un protocollo Go-Back-N","D",""
"A cosa serve il playout buffer?","Ad evitare le situazioni di congestione in rete","Ad accedere più rapidamente ai contenuti multimediali grazie al caching locale","A compensare i ritardi di rete nella trasmissione in streaming di contenuti multimediali","A gestire la finestra di ritrasmissione per i contenuti multimediali","C",""
"In una rete a commutazione di pacchetto a circuito virtuale il numero delle etichette usate per l'instradamento è proporzionale:","Al numero di possibili destinazioni","Al numero medio di canali in uscita da ogni nodo","Al numero di connessioni attive","Al numero medio di nodi da attraversare","C",""
"Come sono incapsulati i messaggi del protocollo ARP?","Nel corpo di un messaggio HTTP","Direttamente in un frame Ethernet","In uno o più segmenti TCP","Direttamente in un datagram IP","B",""
"Cosa succede quando il timeout di trasmissione in TCP è settato ad un valore sensibilmente inferiore al round-trip time?","Il tempo necessario per recuperare da situazioni di perdita di segmenti si allunga","Possono verificarsi ritrasmissioni di segmenti non necessarie","Non c'è mai nessun effetto visibile","Il ricevitore non garantisce più che al processo in ascolto sul socket vengano forniti dati corretti","B",""
"L'instabilità dei protocolli Aloha e Slotted Aloha è causata da:","L'aumento del ritardo di propagazione quando il traffico offerto supera una certa soglia","La diminuzione del traffico smaltito quando il traffico offerto supera una certa soglia","L'aumento del traffico smaltito quando il traffico offerto supera una certa soglia","","B",""
"Si consideri un host che sta trasmettendo dati utilizzando il protocollo TCP. Data una finestra corrente al trasmettitore di dimensione pari a 10 segmenti, con una finestra massima del ricevitore pari a 40 segmenti, nel momento in cui il trasmettitore riceve un segmento contenente un ACK da parte del ricevitore, quale tra le seguenti situazioni è impossibile?","La finestra corrente al trasmettitore diventa pari ad 1 segmento","La finestra corrente al trasmettitore diventa pari a 51 segmenti","La finestra corrente al trasmettitore diventa pari a 9 segmenti","La finestra corrente al trasmettitore diventa pari a 5 segmenti","B","la finestra di trasmissione deve rispettare sempre il vincolo TWND <= min{CWND, RWND}."
"Quale di questi campi non è contenuto nell'intestazione di un datagram IPv4?","Destination IP address","Time to live (TTL)","Protocol","Destination port","D","la Source Port e la Destination Port sono aggiunte dai protocolli di Livello Trasporto, ovvero sia da TCP che da UDP, in quanto entrambi forniscono il servizio di multiplazione e demultiplazione che permette di differenziare il traffico in entrata e di distribuirlo alle varie applicazioni (ovvero ai vari Socket) e di unificare il flusso di dati in uscita."
"Nella gerarchia prevista dal DNS per la risoluzione di nomi non presenti in cache, quale livello si trova immediatamente sotto al Root DNS Server?","Top-level domain (TLD) DNS server","DHCP server locali","Local DNS server","DNS server autoritativi","A","gerarchicamente, sotto i Root DNS Server ci sono i Domini di 1°Livello (.com, .it, .net, etc), detti anche Top-Level-Domain (TLD), che sono gestiti dai Top-Level-Domain (TLD) DNS Server."
"La finestra di congestione corrente al trasmettitore TCP all'inizio della connessione:","Ha dimensione negoziata con il ricevitore e pari a metà della finestra del ricevitore.","Ha dimensione pari ad un segmento di dimensione massima (MSS)","Ha dimensione negoziata con il ricevitore e pari al valore massimo della finestra del ricevitore","Ha una dimensione casuale scelta durante la fase di apertura della connessione","B",""
"In una rete a commutazione di pacchetto operante in modalità store-and-forward una minor dimensione delle unità dati:","Diminuisce il numero di operazioni che devono essere effettuate da un commutatore per trasferire la stessa quantità totale di informazione d'utente","Aumenta la probabilità di perdere il pacchetto a parità di probabilità di errore sul bit","Diminuisce la complessità dell'instradamento di ogni unità dati","Diminuisce il tempo che intercorre da quando un'unità dati raggiunge l'ingresso di un commutatore a quando questa lascia il commutatore","D",""
"In una topologia ad anello unidirezionale, con 10 nodi e traffico unicast uniforme (tutti i nodi trasmettono la stessa quantità di traffico a tutti gli altri), il numero medio di canali attraversati da un pacchetto è pari a:","20","10","5","1","C",""
"Il controllo di congestione del Transmission Control Protocol (TCP) si basa:","Sulla variazione del numero di bit di parità inseriti nei segmenti trasmessi","Sull'andamento della dimensione dei segmenti trasmessi allo stato della rete","Sull'adattamento della finestra del trasmettitore alla disponibilità di memoria del ricevitore","Sulla dinamica della dimensione della finestra del trasmettitore","D",""
"Il tempo minimo necessario ad inviare un pacchetto 100 Kbyte tra due stazioni separate da 300 metri, utilizzando una rete cablata con doppini UTP (Unshielded Twisted Pair) e attraversando 3 apparati di interconnessione operanti in modalità store and forward, è dell'ordine di:","Alcuni secondi","Si può calcolare solo conoscendo il bit rate di trasmissione sui canali","Qualche millisecondo","Centinaia di millisecondi","B",""
"A cosa servono i campi source e destination port in TCP e UDP?","Ad implementare un meccanismo di multiplexing/demultiplexing per i processi sugli host","Per gestire l'allocazione di risorse sul router sul path da sorgente a destinazione","Per indicare le interfacce di rete sulle quali i pacchetti verranno inoltrati da IP","Per indicare le interfacce fisiche sulle quali le trame verranno trasmesse da Ethernet","A",""
"Tra le funzioni fondamentali del livello trasporto nel modello OSI troviamo:","Scambio delle etichette nella commutazione di circuito","Lettura di dati da una periferica del terminale","Recupero degli errori di trasmissione","Instradamento delle unità dati","C",""
"A parità di tasso di informazione trasmesso, quale delle seguenti codifiche di linea richiede un bitrate più basso a livello fisico?","Codifica 12B15B","Codifica 4B5B","Richiedono tutte lo stesso bit rate","Codifica 8B10B","C",""
"Se un router riceve un pacchetto IP, con checksum corretto, con indirizzo IP sorgente e destinazione uguali e campo TTL=9","Lo instrada verso la destinazione","Lo inoltra comunque verso la destinazione, inviando tuttavia un pacchetto ICMP alla sorgente per segnalare l'errore","Lo scarta ed invia un pacchetto ICMP di errore alla sorgente","Scarta il pacchetto","A",""
"Il preambolo nel pacchetto Ethernet:","Permette di riconoscere gli errori di trasmissione","Permette di identificare il tipo di protocollo trasportato nel campo dati del pacchetto Ethernet","Permette di identificare il processo applicativo a cui consegnare il pacchetto","E’ necessario per consentire al nodo ricevitore di sintonizzare il proprio orologio con l’orologio del nodo trasmettitore","D",""
"Due stazioni IP 130.192.40.1/24 e 130.192.40.200/24","Non hanno indirizzi IP validi","Possono scambiarsi pacchetti IP direttamente","Possono scambiarsi pacchetti IP solo tramite un router","Non possono scambiarsi pacchetti IP","B",""
"SMTP","è usato da un client di posta per prelevare un messaggio di posta da un server","permette ad un server di posta di comunicare ad un altro server di posta qual è il mittente di un messaggio","permette ad un server di posta di verificare l’identità di un utente che vuole inviare un messaggio","è basato sul protocollo telnet","B",""
"I messaggi TCP contengono un numero di sequenza che indica","il prossimo byte che il ricevitore si aspetta di ricevere","il numero del messaggio nella sequenza di messaggi trasmessi tramite la connessione TCP","il numero di sequenza del messaggio in un insieme di frammenti prodotti frammentando un messaggio più grande","la posizione del primo byte del messaggio nella sequenza di byte trasmessi sulla connessione TCP","D",""
"Il controllo di congestione in TCP","impone un numero massimo di connessioni TCP che una stazione può aprire","si basa su informazioni ricevute dai router presenti sul percorso","è presente solo per alcuni tipi di connessione","limita la dimensione della finestra di trasmissione","D",""
"Nel protocollo WI-FI con DCF ed handshaking","l’invio dei pacchetti RTS e del CTS riduce la probabilità delle collisioni sui pacchetti dati","si evitano completamente le collisioni grazie al meccanismo di carrier sense","l’invio dei pacchetti RTS e del CTS permette a due terminali, di cui uno nascosto, di inviare contemporaneamente le loro trame","si evitano completamente le collisioni su qualunque tipo di dato trasmesso","A",""
"Il metodo HEAD del protocollo HTTP viene utilizzato per:","ottenere l’intestazione di una pagina web","inviare solo l’intestazione di una richiesta HTTP","modificare l’intestazione, o home page, di un server web","ricevere solo l’intestazione della risposta HTTP","D",""
"La ricezione su un nodo A di un pacchetto ICMP Echo Reply inviato da un nodo B indica che","A e B sono in grado di scambiarsi pacchetti IP","A è in grado di inviare pacchetti IP a B ma non viceversa","B è in grado di inviare pacchetti IP ad A ma non viceversa","B è in grado di inviare pacchetti IP ad A ma viceversa non è garantito","A",""
"La trama ARP Request viene utilizzata per imparare","l’indirizzo MAC di una stazione connessa ad una rete IP diversa da quella della sorgente","l’indirizzo IP di un nodo Ethernet direttamente connesso al nodo sorgente","l’indirizzo IP di una stazione dato il suo nome internet","l’indirizzo MAC di un nodo IP direttamente connesso al nodo sorgente","D",""
"Il protocollo DHCP","viene utilizzato per la configurazione automatica di una stazione IP","fornisce alle stazioni IP unicamente degli indirizzi di tipo privato","fornisce alle stazioni l’indirizzo IP corrispondente ad un dato nome di dominio","non permette ad una stazione di riutilizzare lo stesso indirizzo IP già utilizzato durante una precedente connessione alla rete locale","A",""
"Data una topologia (nodi, canali e costi associati), il percorso ottimo tra una sorgente ed una destinazione","non cambia mai anche nel caso in cui un canale diventi indisponibile","cambia a seconda del nodo che esegue l’algoritmo link state","è lo stesso sia che si utilizzi un algoritmo link state sia che si utilizzi un algoritmo distance vector","non cambia mai anche nel caso in cui il costo dei canali cambi","C",""
"Quando uno switch Ethernet riceve un pacchetto ARP Request","lo inoltra solo verso la porta a cui è collegato il server DHCP della rete","lo inoltra su tutte le porte tranne quella da cui è stato ricevuto il pacchetto","lo inoltra solo sulle porte sulle quali è stato abilitato il traffico multicast","lo inoltra solo sulla porta a cui è collegato il nodo/l’host destinazione","B",""
"Gli indirizzi IP versione 4 sono:","assegnati randomicamente alle varie stazioni connesse ad internet, indipendentemente dalla loro posizione","assegnati dai costruttori delle schede di rete","generalmente assegnati su base geografica e topologica, in modo da favorirne l’aggregabilità","","C",""
"La fase di slow start in TCP","prevede che la finestra di congestione rimanga ad un valore molto basso per tutta la durata della connessione","è una delle fasi che realizzano il controllo di flusso","permette alla finestra di congestione di crescere velocemente partendo da un valore iniziale molto basso","permette alla finestra di congestione di crescere lentamente in modo da evitare situazioni di congestione","C",""
"La dimensione minima del pacchetto nel protocollo CSMA/CD della rete Ethernet","è necessaria per garantire il riconoscimento della collisione","è da preferire per massimizzare le prestazioni in termini di traffico smaltito","È necessaria per garantire di evitare di causare più collisioni consecutive sullo stesso pacchetto","non dipende in nessun modo dalla dimensione massima (in metri) consentita della rete","A",""
"Una topologia ad anello può essere preferibile rispetto ad una topologia a maglia perché:","può trasportare contemporaneamente comunicazioni dati e voce","l’instradamento è più semplice","è più robusta ai guasti","consente percorsi bidirezionali","B",""
"Due stazioni nello stesso collision domain in una rete Ethernet","possono creare una collisione solo nel caso di trasmissione esattamente contemporanea","non possono mai creare una collisione grazie all’operazione di carrier sense tipica del protocollo CSMA-CD","identificano la collisione grazie ad una trama NACK inviata dallo switch su cui sono collegate","possono creare una collisione quando trasmettono un pacchetto","D",""
"I segmenti TCP inviati dall’host A all’host B contengono un numero di conferma (Acknowledgment number) che indica:","il prossimo byte che l’host B si aspetta di ricevere","il prossimo byte che l’host A si aspetta di ricevere nei segmenti inviati dall’host B","la posizione del segmento nella sequenza di segmenti trasmessi sulla connessione TCP","la posizione del primo byte del segmento nella sequenza di byte trasmessi sulla connessione TCP","B",""
"Un nodo che usa un protocollo a finestra Selective Repeat con semantica cumulativa degli ACK per ricevere dati da un altro nodo si vede recapitare una PDU duplicata. Assumendo che nessun dato sia stato perso, quale dei seguenti motivi è più probabilmente la causa di questo comportamento?","La finestra del ricevitore è troppo piccola","Il timeout del trasmettitore è troppo breve","Il timeout del trasmettitore è troppo lungo","La finestra del trasmettitore è troppo piccola","B",""
"Un nodo che usa un protocollo a finestra Go-Back-N con semantica cumulativa degli ACK per ricevere dati da un altro nodo si vede recapitare una PDU duplicata. Quale delle seguenti azioni si intraprende?","Invia sempre un ACK relativo al numero di sequenza atteso","se la PDU rientra nella finestra di ricezione, invia sempre un ACK relativo al numero di sequenza della PDU duplicata","Invia un ACK relativo al numero di sequenza atteso solo se non è ancora scaduto il timeout del trasmettitore","Invia sempre un ACK relativo al numero di sequenza della PDU duplicata","A",""
"Il protocollo IP","Implementa il livello trasporto della rete Internet","Rende una rete di grosse dimensioni più scalabile grazie alle aggregabilità degli indirizzi","viene utilizzato nelle reti locali in quanto la tecnologia Ethernet risulta adeguata","Fornisce i meccanismi di accesso ad un mezzo condiviso","B",""
"Un protocollo di instradamento","prevede lo scambio di informazioni sullo stato della rete per costruire tabelle di instradamento","definisce le operazioni da eseguire per inoltrare i singoli pacchetti sulla porta di uscita","definisce le operazioni da eseguire per scegliere il percorso verso la destinazione","usa le tabelle di instradamento ma solo nel caso della commutazione di circuito","A",""
"Nel protocollo ATM della rete B-ISDN, le unità dati, dette celle, sono di piccole dimensioni (48 byte + 5 byte di intestazione)","per segmentare in celle le unità dati del protocollo IP al fine di diminuire la probabilità di perdita dei dati","per migliorare il rapporto tra intestazioni e dati utente nella cella","per ridurre il tempo di pacchettizzazione (creazione del pacchetto) per trasferire la voce per applicazioni in tempo reale","per aumentare la velocità di trasferimento di un file di grandi dimensioni grazie all’efficiente processo di segmentazione e riassemblaggio","C",""
"Il DNS","è un sistema utilizzato per la configurazione automatica del nome di dominio sugli host della rete internet","è un database distribuito che, data una chiave di ricerca, permette di individuare, all’interno di una gerarchia di server, un record di un tipo specificato.","è un sistema usato dallo IANA per delegare l’assegnazione dei nomi di dominio (Top Level Domain)","è un server che viene installato all’interno di una rete aziendale e contiene la corrispondenza tra nome e indirizzo di qualsiasi host della rete internet routing","B",""
"La condivisione contemporanea dello stesso canale fisico tra diverse sorgenti può avvenire","attraverso la multiplazione di frequenza","attraverso la multiplazione di circuito","attraverso la commutazione di circuito","attraverso la commutazione di pacchetto a circuito virtuale","A",""
"Ad una rete Ethernet contenente 200 stazioni può essere assegnata la rete IP","130.192.2.0/24","130.192.0.0/25","130.192.2.0/25","130.192.2.0/26","A",""
"I segmenti TCP","hanno dimensione fissa negoziata all’atto della instaurazione della connessione","hanno dimensione fissa specificata dallo standard TCP","hanno dimensione variabile che viene decisa in base al livello di congestione in rete","hanno dimensione variabile che non dipende dal livello di congestione in rete","D",""
"Per ridurre il ritardo di pacchettizzazione è consigliabile","aumentare la dimensione dell’intestazione","scegliere una destinazione vicina","ridurre la dimensione del campo dati delle PDU","usare un protocollo di accesso a contesa","C",""
"In un cavo UTP (Unshielded Twisted Pair) la trasmissione del segnale avviene sfruttando","la differenza tra le tensioni di coppie diverse di conduttori","la differenza tra le tensioni sui componenti di una coppia di conduttori","la differenza tra la tensione di un singolo conduttore e la “terra”","la differenza tra la tensione di un singolo conduttore e la calza metallica","B",""
"Il controllo di flusso","viene offerto da UDP utilizzando un apposito campo presente nell’intestazione","viene offerto sia da TCP che da UDP in quanto fondamentale nella realizzazione di una comunicazione end-to-end","non viene offerto né da TCP né da UDP in quanto già presente nei protocolli di livello inferiore","viene offerto da TCP utilizzando un apposito campo presente nell’intestazione","D",""
"Un esempio di accesso multiplo è rappresentato da","stazione base che trasmette verso terminali mobili di una rete cellulare","centrale locale di telefonia fissa","trasmissioni televisive irradiate da satellite","terminali mobili che trasmettono verso stazione base in una rete cellulare","D","i terminali mobili accedono potenzialmente da punti diversi"
"Quale tra le seguenti funzioni non vengono svolte dal Transmission Control Protocol (TCP)?","Controllo di congestione","Mantenimento della sequenza dei byte","Multiplazione/demultiplazione attraverso il meccanismo delle porte","Scelta dell’instradamento dei pacchetti","D","l’instradamento è compito dello strato rete"
"Per un trasmettitore che implementa uno schema ARQ (Automatic Retransmission reQuest), la ricezione di una successione di riscontri contenenti lo stesso numero di sequenza è sintomo di","un aumento della durata del time","una perdita di unità dati di riscontro (ACK)","un aumento della disponibilità di banda tra trasmettitore e ricevitore","una perdita di una unità dati di informazione","D",""
"Quale tra le seguenti funzioni non è caratteristica del secondo livello architetturale del modello OSI?","delimitazione delle unità dati","indirizzamento sulla rete locale","controllo d’errore sulle unità dati","instradamento end-to-end delle unità dati","D","vedi slide 02-Architetture pp45-46: l’instradamento è compito del livello 3"
"Quali delle seguenti affermazioni si applica a Fast Ethernet in modalità full-duplex (bidirezionale)?","La modalità full-duplex può essere utilizzata tra una stazione d’utente e una porta di uno switch, oppure tra le porte di due switch","La modalità full-duplex non consente una maggiore distanza tra una stazione d’utente ed uno switch","La modalità full-duplex permette di interconnettere switch in topologia ad anello","La modalità full-duplex non aumenta la quantità di informazione smaltibile tra una stazione d’utente ed uno switch, rispetto alla modalità half-duplex","A",""
"L’algoritmo di controllo della finestra del trasmettitore TCP passa dalla fase di slow-start a quella di congestion avoidance (AIMD)","su segnalazione da parte del ricevitore","nel momento in cui la finestra corrente raggiunge un valore di soglia","allo scadere di un timeout","non appena si riceve un riscontro fuori sequenza","B","vedi slide 04-Livello Trasporto."
"In una rete a commutazione di pacchetto di tipo circuito virtuale, l’algoritmo di instradamento si applica nei nodi di commutazione","a tutti i pacchetti ricevuti","ai soli pacchetti di richiesta di apertura e chiusura di circuito virtuale","ai soli pacchetti dati","ai soli pacchetti di richiesta di apertura di circuito virtuale","D","vedi slide 01-Concetti Generali pp.146-147 tutti i pacchetti instradano altrimenti il pacchetto non si sposterebbe dai nodi intermedi"
"Quale di queste affermazioni relative alle architetture peer-to-peer è falsa?","Sono autoscalanti, ovvero le prestazioni non cambiano drasticamente al variare del numero dei peer","I peer sono localizzati in grandi data-center e vengono gestiti dallo stesso amministratore","Le risorse rimangono usualmente accessibili anche se alcuni peer vengono spenti","I peer possono cambiare il proprio indirizzo IP nel corso del tempo","B",""
"Quale di queste affermazioni relative al routing dei datagram nelle reti IP è vera?","Viene effettuato dai router sulla base del destination IP address","Viene effettuato dai router sulla base del source IP address","Viene effettuato dai router sulla base del virtual-circuit (VC) identifier","IP si basa sulla commutazione di circuito, per cui non viene effettuato alcun routing","A","vedi slide IP"
"Il fatto che il protocollo PPP (Point-to-Point Protocol) operi su collegamenti punto-punto comporta, tra l’altro:","Che PPP debba usare indirizzi di strato MAC per distinguere mittente e destinatario","Che non sia necessario usare indirizzi nell’intestazione PPP","Che PPP debba inviare ai livelli superiori l’identità del destinatario","Che le trame PPP abbiano una lunghezza fissa","B","non è necessario identificare esplicitamente mittente e destinatario tramite indirizzi di intestazione perché è implicito che ogni frame inviato è destinato al dispositivo direttamente connesso. Inoltre la D è sbagliata in quanto la lunghezza è configurata tramite accordo preliminare tra i due dispositivi."
"Quale dei seguenti accorgimenti è necessario per rendere maggiormente robusto il funzionamento di un protocollo a finestra in caso di canale non sequenziale tra trasmettitore e ricevitore?","Uso di conferme di tipo cumulativo","Aumento dei bit nei campi di indirizzo delle unità dati","Scelta di finestre di trasmissione e ricezione di uguali dimensioni","Aumento dei bit usati per la numerazione delle unità dati","D",""
"Quale di queste affermazioni relative al meccanismo di ritrasmissione di TCP è falsa?","La ricezione di un triplo ACK duplicato causa la ritrasmissione del segmento più vecchio in attesa di conferma","Un timeout causa la ritrasmissione del segmento più vecchio in attesa di conferma","Un timeout causa la ritrasmissione di tutti i segmenti in attesa di conferma","La ricezione di un ACK conferma cumulativamente anche tutti i segmenti precedenti","C","In caso di timeout la finestra di trasmissione viene ridotta, quindi la C è sicuramente falsa non potendoli ritrasmettere tutti."
"Quale di queste affermazioni relative a DASH è falsa?","Si basa sulla disponibilità di versioni dello stesso contenuto multimediale codificate a diversi bit rate","Produce messaggi che vengono imbustati in RTP per realizzare la telefonia su internet","Realizza un compromesso fra banda disponibile in rete e qualità dei contenuti multimediali","Viene usato per lo streaming di contenuti multimediali su HTTP","B",""
"Nella commutazione di pacchetto di tipo datagram è prevista:","Un’assegnazione delle risorse trasmissive per la sola durata della trasmissione del pacchetto","Una scelta statistica tra multiplazione in frequenza e multiplazione nel tempo","Un’assegnazione preventiva delle risorse trasmissive in base alle statistiche di attività delle sorgenti","Un’assegnazione permanente delle risorse trasmissive a diversi flussi informativi","A",""
"Il protocollo TCP varia dinamicamente la dimensione della finestra corrente al trasmettitore per ottenere:","Non varia la finestra","Sia il controllo di flusso sia il controllo di congestione","Solo il controllo di congestione","Solo il controllo di flusso","B",""
"Quale tra le seguenti NON è un esempio di accesso multiplo?","Uno switch che trasmette pacchetti su un’interfaccia di uscita in una rete a commutazione di pacchetto","Stazioni Aloha verso la stazione Master","Smartphone che trasmettono verso una stazione base della rete di accesso di una rete cellulare","Trasmissioni di computer dotati di scheda WIFI verso un Access Point","A",""
"Esiste almeno una topologia ad albero con 5 nodi e 4 canali in cui, se si aggiunge un canale tra due nodi non collegati direttamente tra loro, la topologia:","Diventa una topologia ad anello","Rimane una topologia ad albero","Diventa una topologia a stella","Diventa una topologia completamente connessa","A",""
"Quale di queste affermazioni relative a DHCP è falsa?","DHCP fornisce dinamicamente un indirizzo IP ad un host che ne fa richiesta","Tra le informazioni fornite dal server DHCP vi è anche l’indirizzo di default gateway","I messaggi DHCP sono imbustati in datagram UDP spediti in broadcast","In una rete può esistere al più un server DHCP","D",""
"Nell’intestazione (header) IP, ovvero nella PCI del protocollo IP, è obbligatoriamente contenuto:","Il campo Time To Live che permette l’eliminazione dalla rete dei pacchetti che hanno attraversato un numero eccessivo di router","L’indirizzo MAC sorgente, utile per inviare delle risposte ai pacchetti ricevuti","Il campo ACK Number per la numerazione dei riscontri (ACK)","Il campo CODE, che contiene i flag di SYN, FIN e ACK per l’apertura e chiusura della connessione","A",""
"Un algoritmo di instradamento di tipo link state prevede che:","Ogni nodo della rete comunichi a tutti i nodi della rete l’informazione sul costo della trasmissione verso i nodi ad esso adiacenti","Ogni nodo della rete generi le proprie tabelle di instradamento e poi le distribuisca ai soli nodi adiacenti","Ogni nodo della rete comunichi ai nodi ad esso adiacenti l’informazione sul costo e la direzione delle strade che portano ad ogni possibile destinazione","Ogni nodo della rete generi le proprie tabelle di instradamento e poi le distribuisca a tutti gli altri nodi della rete","A","Slide “Strato 3: Instradamento” pag 11"
"In una rete Ethernet in cui i terminali sono connessi in modalità full-duplex alle porte di uno switch mediante un cavo UTP:","Il protocollo di accesso CSMA/CD è di fatto inutile perché lo switch separa i domini di collisione tra le sue porte","Il protocollo di accesso CSMA/CD è di fatto inutile perché lo switch lavora a bit rate superiori o uguali a 1GB/s, rendendo le trame di breve durata","Il protocollo di accesso CSMA/CD è ancora usato per bit rate inferiori a 100Mb/s","Il protocollo di accesso CSMA/CD è ancora usato, ma solo nel caso in cui due trasmissioni inizino contemporaneamente","A",""
"In un intervallo di tempo T, un nodo trasmettitore che usa un protocollo a finestra Go-Back-N con finestra pari a 5 PDU trasmette le PDU numerate 9, 10, 11 e riceve ACK (cumulativo) 8. Assumendo non sia scaduto il timeout e che ACK 8 sia quello con numero di sequenza più alto ricevuto fino a questo punto, quale delle seguenti azioni è consentita dalle regole del protocollo in questa situazione?","Inviare la PDU 12","Inviare la PDU 8","Inviare le PDU 12 e 13","Nessuna azione fino alla ricezione di altri ACK","A",""
"Una (N)-PDU (Protocol Data Unit), passando al livello (N-1) si trasforma in:","Una o più (N)-SDU (Service Data Unit)","Una o più (N-1)-SDU (Service Data Unit)","Una (N-1)-PCI (Protocol Control Information)","Una o più (N-1)-SDU (Service Data Unit) a cui sono aggiunte delle N-PCI","B",""
"Il protocollo ARP (Address Resolution Protocol) permette di:","Ottenere un indirizzo IP ignoto di un host a partire da un nome di dominio","Inviare messaggi di errore tra router","Ottenere un indirizzo MAC ignoto di un host a partire da un indirizzo IP","Ottenere un indirizzo IP ignoto di un host a partire da un indirizzo MAC","C",""
"Quale di queste affermazioni relative al Web cookie è falsa?","Un browser in possesso di un cookie lo include nelle successive richieste al relativo server HTTP","Il browser crea un diverso cookie tutte le volte che accede allo stesso server HTTP","Il cookie viene creato dal server HTTP quando un browser accede per la prima volta","Il cookie viene memorizzato dal browser nel file system dell’host client","B",""
"Nel caso in cui un errore nella configurazione delle tabelle di inoltro sui router generi un percorso chiuso in rete, quale di queste affermazioni è vera?","Un datagram che circola su tale percorso viene prima o poi eliminato dai router sulla base del campo TTL","Il protocollo di spanning tree evita l’insorgere di questi problemi prima che si presentino","Un datagram può circolare su tale percorso all’infinito","Un datagram che circola su tale percorso viene prima o poi eliminato dai router, che lo individuano confrontando il contenuto con le copie mantenute nella cache locale","A",""
"Il ritardo di trasmissione di una PDU in una rete di commutazione di pacchetto:","Dipende dalla dimensione della PDU e dalla distanza tra trasmettitore e ricevitore","Dipende solo dal bit rate del trasmettitore","Dipende dal bit rate del trasmettitore e dalla distanza tra trasmettitore e ricevitore","Dipende dal bit rate del trasmettitore e dalla dimensione della PDU","D",""
"Si consideri una rete LAN estesa in tecnologia Ethernet i cui nodi sono interconnessi da switch trasparenti. Quale tra le seguenti affermazioni è falsa?","Gli switch possono supportare la creazione di LAN Virtuali","Gli switch introducono un ritardo aggiuntivo nelle trasmissioni tra nodi collegati mediante gli switch stessi","È necessario modificare la configurazione dei nodi collegati alla LAN per permettere il corretto instradamento delle trame MAC tra gli switch","Gli switch separano i domini di collisione delle porzioni di rete interconnesse","C",""
"Relativamente alla ricezione di un segmento fuori sequenza in TCP, quale di queste affermazioni è vera?","Il riordino dei segmenti è di competenza del protocollo RTP","Il ricevitore consegna immediatamente il segmento ai livelli protocollari superiori","Il ricevitore scarta sempre il segmento che dovrà essere trasmesso nuovamente","Il ricevitore restituisce un acknowledgement number riferito al prossimo byte atteso","D",""
"A parità di bit di informazione trasmessi, quale delle seguenti codifiche di linea richiede un bit rate più elevato a livello fisico?","Codifica 4B5B","Codifica polare NRZ","Codifica Manchester","Codifica unipolare","C","4B5B richiede un bit rate di 1.25, NRZ e unipolare richiedono un bit rate di 1, Manchester richiede un bit rate di 2. Strato fisico - pag 28-32"
"Durante la fase di slow-start del controllo di congestione del protocollo TCP, la finestra corrente del trasmettitore:","Cresce di un segmento per ogni riscontro (ACK) ricevuto","Raddoppia per ogni riscontro (ACK) ricevuto","Viene dimezzata per ogni riscontro (ACK) mancante","Resta costante nel tempo","A","Quiz duplicato (vedi Es. 122)"
"Quali delle seguenti prestazioni sono possibili grazie al funzionamento Store & Forward in una rete a pacchetto?","La possibilità di avere diverse velocità di trasmissione tra i diversi canali attestati ad uno stesso commutatore","La riduzione dei ritardi di trasferimento dell’informazione attraverso un nodo di commutatore","La possibilità di usare codifiche di canale di tipo forward error correction","La riduzione della dimensione delle intestazione dei pacchetti","A","Quiz duplicato (vedi Es. 37)"
"Il protocollo IP","Non fornisce alcun tipo di protezione dagli errori","Garantisce un rilevamento dell’errore solo sul contenuto del datagram","Garantisce un rilevamento dell’errore sull’intestazione e sul contenuto del datagram","Garantisce un rilevamento dell’errore solo sull’intestazione del datagram","D","Quiz duplicato (vedi Es. 57) instradamento"
"Un router IP dopo aver calcolato l’instradamento:","Modifica gli indirizzi IP sorgente e destinazione nell’intestazione del datagram","Modifica esclusivamente il campo Time To Live (TTL) nell’intestazione del datagram","Modifica esclusivamente in campo Header Checksum nell’intestazione del datagram","Modifica i campi Time To Live e Header Checksum nell’intestazione del datagram","D","Quiz duplicato (vedi Es. 50)"
"Il protocollo Stop & Wait","Può funzionare usando un numero di bit di numerazione maggiore o uguale a 1","Può funzionare solo usando più di un bit di numerazione","Può funzionare solo usando un numero di bit di numerazione inferiore alla dimensione della finestra di trasmissione","Può solo funzionare usando un unico bit di numerazione","A","Quiz duplicato (vedi Es. 67)"
"L’algoritmo di controllo della finestra di trasmissione TCP passa dalla fase di slow-start a quella di congestion avoidance (AIMD)","Su segnalazione da parte del ricevitore SIP","Allo scadere del timeout","Non appena si riceve un riscontro fuori sequenza","Nel momento in cui la finestra corrente raggiunge un valore di soglia Windowfinestre scorrevoli","D","Quiz duplicato (vedi Es. 215)"
"Quale dei seguenti è una conseguenza dell’aumento del numero di bit di numerazione nelle unità dati di un protocollo a finestra","Aumento del numero di circuiti virtuali possibili","Aumento dei malfunzionamenti dovuti a canale non sequenziale tra trasmettitore e ricevitore","Incremento potenziale del throughput del protocollo","Mancata rilevazione delle collisioni su canale broadcast","C",""
"Quale di queste affermazioni relative al TCP slow start è falsa?","Al raggiungimento di una soglia (sstresh) commuta in modalità congestion avoidance.","Si basa su un incremento esponenziale della congestion window (cwnd)","Mantiene costantemente basso il throughput in TCP per evitare la congestione in rete","Viene eseguito a seguito di un evento di timeout che si verifica sulla connessione","C",""
"Il controllo di flusso in TCP","Basa le sue operazioni sul campo receive window (rwnd) nell’header dei segmenti TCP","Viene gestito dal default gateway che limita il throughput dei datagram spediti in rete","Basa le sue operazioni sul timeout di TCP e sulla ricezione di duplicati ACK","Richiede l’instaurazione di un circuito virtuale attraverso i router intermedi","A",""
"Una codifica di linea ed una modulazione digitale lo spettro del segnale x(t) è costituito da delta di Dirac spaziate tra di loro","Possono essere usate entrambe per la trasmissione sui mezzi radio","Possono solo essere usate per la trasmissione sui mezzi elettrici","Possono essere usate solo per la trasmissione sui mezzi elettrici (la prima) e mezzi radio (la seconda)","Possono essere usate entrambe per la trasmissione su fibra ottica","D",""
"In un protocollo Selective Repeat con finestra di ricezione pari a 2 PDU, e posizionata inizialmente sui numeri di sequenza 0 e 1, la seguente ricezione di PDU nell’ordine indicato non determina scarto di PDU","0,3,1,2","2,0,1,3","0,2,3,1","1,0,3,2","D",""
"Una tabella di routing contiene, contemporaneamente tutte e quattro le seguenti entry. Si identifichi la entry selezionata a seguito delle procedure di inoltro di un datagram con destinazione 130.192.15.200","0.0.0.0/0","130.192.14.128/25","130.192.0.0/16","130.192.15.128/25","D",""
"Con il termine “Roaming” in una rete cellulare si indica","La sovrapposizione di più celle in una determinata area del territorio","La possibilità di rintracciare un terminale indipendentemente dalla cella in cui si trova","La persistenza della connessione anche passando in una cella adiacente","La velocità di spostamento di un terminale da una cella all’altra","B",""
"Un pacchetto inizia la ricezione ad un nodo di commutazione al tempo t=15ms e la termina a t=35ms. Ipotizzando che non ci siano altri pacchetti in coda e che il tempo di elaborazione sia trascurabile, il suo inoltro su un canale di uscita avente velocità quadrupla rispetto a quello di ingresso si completa al tempo","t=40ms","t=45ms","Dipende dal tempo di propagazione verso la destinazione","t=50ms","A","35 + (35-15)/4 = 40 ms"
"In una rete WiFi l’invio di un ACK per una trama unicast da parte del ricevitore è","Non necessario se il canale è stato prenotato attraverso RTS/CTS","Obbligatorio solo se il ricevitore è l’Access Point","Obbligatorio dopo aver atteso un tempo NAV","Obbligatorio se la ricezione della trama è corretta","D",""
"Una sorgente invia 12 PDU usando un protocollo Go-Back-N con finestra di trasmissione pari a 5 PDU, numerandole a partire da 1. Il primo ACK è ricevuto dopo il termine della trasmissione del pacchetto 5 ed è ACK 2. Sapendo che non è scaduto alcun timeout, quale azione segue","La sorgente invia il pacchetto 3","La sorgente invia il pacchetto 6","Nessuna azione","La sorgente ritrasmette il pacchetto 2","B","Dal Kourse, A causa dei limiti dell’ampiezza della finestra, il mittente invia i pacchetti da 0 a 3, ma poi deve attendere la notifica di ricezione di uno di loro prima di poter procedere quando giungono i successivi ACK (per esempio, ACK0 e ACK1), la finestra scorre in avanti e il mittente può trasmettere un nuovo pacchetto (rispettivamente, pkt4 e pkt5)., (commento scritto coi piedi)"
"Eliminando un canale bidirezionale da una topologia ad anello, la topologia risultante","Diventa una topologia ad albero","Diventa una topologia a stella passiva","Rimane una topologia ad anello","Diventa una topologia a stella attiva","A",""
"Nella trasmissione dei dati su un canale radio, è preferibile l’utilizzo di","Una codifica di linea polare come la codifica Manchester per facilitare il recupero del sincronismo","Una codifica di linea di tipo nBmB per ridurre l’occupazione di banda","Una codifica di linea unipolare per garantire la componente continua necessaria alla trasmissione","Una modulazione numerica come il 64-QAM per poter trasmettere nella banda di frequenza opportuna","D",""
"Un host deve inviare un file di 4800 byte usando PDU di 800 byte con PCI di 100 byte. Che dimensione ha l’ultima PDU inviata?","900 byte","100 byte","700 byte","800 byte","C","PDU da 800 byte, di cui 100 byte per l’intestazione quindi 700 byte per i dati. 700*6 = 4200. 4800-4200 = 600 → 600+100 = 700 byte"
"La segmentazione di datagram IP è un esempio di","Generazione di più 3-SDU da una 3-PDU","Generazione di più 2-SDU da una 3-SDU","Generazione di più 3-PDU da una 3-SDU","Generazione di più 2-SDU da una 3-PDU","C","vedi slide 33 Protocol architectures Many N-PDU from one N-SDU Many (N-1)-SDU from one N-PDU"
"In una rete a commutazione di pacchetto a circuito virtuale il numero delle etichette usate da un nodo per l’instradamento è proporzionale","Al numero di possibili sorgenti","Alla somma del numero medio di canali in ingresso e uscita da ogni nodo","Al numero di connessioni attive","Al numero di possibili destinazioni","C",""
"In quale dei seguenti protocolli non è prevista una forma di rilevazione di errori","Ethernet","IEEE 802.2 LLC (Logical Link Control)","PPP (Point-to-point Protocol)","IEEE 802.3","B",""
"Nel caso in cui un errore nella configurazione delle tabelle di inoltro sui router generi un percorso chiuso in rete, quale di queste affermazioni è vera?","Un datagram può circolare su tale percorso all’infinito","Il protocollo di spanning tree evita l’insorgere di questi problemi prima che si presentino","Un datagram che circola su tale percorso viene prima o poi eliminato dai router, che lo individuano confrontandone il contenuto con le copie mantenute nella cache locale","Un datagram che circola su tale percorso viene prima o poi eliminato dai router sulla base del campo TTL","D",""
"Un playout delay di 2 secondi","È compatibile con lo streaming di contenuti memorizzati ma non per il VoIP","È compatibile sia con lo streaming di contenuti memorizzati sia per il VoIP","Non è compatibile né con lo streaming di contenuti memorizzati né per il VoIP","È compatibile con il VoIP ma non per lo streaming di contenuti memorizzati","A",""
"Quale di queste affermazioni relative ad UDP è vera?","UDP effettua automaticamente la ritrasmissione dei datagram per i quali non è stata ricevuta una conferma","UDP implementa il controllo di flusso ma non quello di congestione","UDP implementa sia il sia quello di congestione","UDP permette il multiplexing/demultiplexing grazie al concetto di porta","D",""
"Nella procedura di byte stuffing","Il ricevitore scarta ogni byte che corrisponde al delimitatore usato dal protocollo","Il ricevitore scarta il delimitatore usato dal protocollo che precede il byte di escape","Il ricevitore scarta il byte di escape che precede il delimitatore usato dal protocollo","Il ricevitore scarta ogni byte che corrisponde al byte di escape usato dal protocollo","C",""
"Nel caso di stazioni tutte a portata radio l’una dall’altra, quale tra le seguenti affermazioni sul confronto tra i protocolli Aloha e CSMA è vera?","A differenza di CSMA, una stazione che trasmetta usando Aloha ha bisogno di una conferma di ricezione","A differenza di Aloha, una stazione che usa CSMA non collide mai con una trasmissione iniziata da un tempo superiore al massimo ritardo di propagazione","Le trasmissioni di Aloha possono iniziare in qualsiasi momento, mentre in CSMA devono essere precedute da uno slot di prenotazione del canale","A differenza di Aloha, in CSMA una stazione non collide mai con altre stazioni","B","quiz duplicato"
"Quale tra le seguenti affermazioni è vera, considerando le operazioni classiche di un router IP (escludendo quindi firewall, NAT, ecc.)?","Un router modifica almeno un indirizzo IP dei pacchetti che deve trasmettere","Un router utilizza messaggi ICMP per determinare il percorso da seguire per raggiungere un host appartenente alla rete internet","Un router IP utilizza il protocollo ARP (address resolution protocol) per conoscere l’indirizzo IP del router da scrivere come indirizzo destinazione nel pacchetto IP","Un router modifica almeno un indirizzo MAC dei pacchetti che contengono IP, ma non gli indirizzi IP","D",""
"Quanti host possono essere gestiti al massimo in una rete con netmask 255.255.255.128?","254","255","126","64","C","i primi 25 bit sono dedicati alla rete, 32 - 25 = 7 bit disponibili per gli host. 2^7 = 128. Non sono tutti disponibili, 2 sono occupati di default. 128-2 = 126. La risposta è la C"
"Se un nodo che usa un protocollo a finestra riceve una PDU fuori sequenza e con i bit di parità errati:","Scarta la PDU e non invia alcun ACK","Invia un ACK relativo al numero di sequenza contenuto nella PDU ma scarta la PDU","Scarta la PDU e invia un ACK del numero di sequenza atteso","Inserisce la PDU in memoria se questa rientra nella finestra di ricezione, senza inviare alcun ACK","A",""
"Una trama ricevuta da una scheda Ethernet di uno switch è elaborata per deciderne l’instradamento","Solo se l’indirizzo MAC di destinazione è broadcast","Solo se l’indirizzo MAC di destinazione unicast corrisponde a quello dello switch","Sempre, qualunque sia l’indirizzo di destinazione","Solo se l’indirizzo MAC di destinazione è multicast e lo switch appartiene al gruppo multicast corrispondente","C",""
"Rispetto al CSMA 1-persistente, il CSMA non-persistente prevede che","Dopo una collisione, si aspetti un tempo casuale prima di provare a trasmettere","Il nuovo ascolto del canale, se trovato occupato, avvenga dopo un tempo casuale","Si aspetti un tempo casuale e poi si invii la trama sul canale","La trasmissione avvenga appena il canale diventa libero","B",""
"Il protocollo ICMP (Internet Control Message Protocol) permette","Lo scambio di messaggi di errore tra router ed host","Di trasferire i messaggi di posta elettronica tra host e host","Lo scambio di messaggi di errore tra protocollo TCP e protocollo IP","Di trasferire una pagina web da un server ad un client","A","La B è sbagliata sia perché ICMP non si occupa di posta elettronica sia perché la posta elettronica prevede solamente comunicazioni fra un host e un server e non fra i due host. La C è scorretta perché TCP è un protocollo di livello 4 (peraltro alternativo a ICMP) e IP di livello 3. La D è sbagliata perché il protocollo citato è HTTP (di livello applicazione) che peraltro è mappato a livello 4 su TCP e non su ICMP."
"Nell’intestazione (header) TCP, ovvero nella PCI del protocollo TCP, sono obbligatoriamente contenuti","Alcuni flag usati per l’apertura e la chiusura della connessione","Il valore corrente della finestra di congestione","Il campo header checksum, per il rivelamento dell’errore sulla sola intestazione","Il valore del Maximum Segment Size negoziato tra trasmettitore e ricevitore","A",""
"In uno schema ARQ (Automatic Retransmission reQuest) con numerazione non ciclica, con finestra Wt > 1, il numero del primo pacchetto nella finestra di trasmissione, si può riferire:","A nessuna delle altre risposte","A un pacchetto trasmesso dal trasmettitore, ricevuto dal ricevitore e per cui il trasmettitore ha ricevuto il corrispondente ACK","A un pacchetto per il quale il ricevitore non ha spazio nel buffer","A un pacchetto trasmesso dal trasmettitore, ricevuto dal ricevitore e per cui il trasmettitore non ha ancora ricevuto il corrispondente ACK","D","La B è sbagliata perché in tal caso il pacchetto sarebbe già fuori dalla finestra di trasmissione (la finestra si sarebbe fatta scorrere almeno di tale pacchetto). La C non ha molto senso in quanto vorrebbe dire che il ricevitore non ha spazio neppure per una PDU. La D è corretta in quanto, fino alla ricezione dell’ACK (cumulativo o del singolo pacchetto), il pacchetto non è segnato come ricevuto e fa ancora parte della finestra di trasmissione (pronto per un’eventuale ritrasmissione a seguito della scadenza del timeout)"
"Nel protocollo CSMA-CD una stazione porta a termine la trasmissione di una trama","Solo se ha la priorità più elevata rispetto alla stazione con cui collide.","Solo se, ascoltando il canale, non si rileva un’eventuale ricezione simultanea alla trasmissione in corso","Sempre dopo averla iniziata","Solo se riceve una trama ACK dal ricevitore","B","nel caso di collisione sarebbe inutile continuare in quanto la trasmissione andrebbe comunque ripetuta; comporterebbe solamente uno spreco di energia. Viene invece lanciato un segnale di jamming (disturbo) per sincerarsi che anche le altre sorgenti abbiano riconosciuto la collisione. La D è sbagliata perché CSMA-CD non prevede l’invio di ACK in quanto si ha la certezza che la trasmissione è andata a buon fine se non si sono verificate collisioni durante la stessa."
"Se un nodo che usa un protocollo Selective Repeat riceve una PDU con numero di sequenza all’interno della finestra di ricezione con i bit di parità errati:","Scarta la PDU e non invia alcun ACK","Scarta la PDU e invia un ACK del numero di sequenza atteso","","","A","Il pacchetto viene completamente ignorato. Con i bit di parità errati è come se non fosse mai stato ricevuto"
"Quale tra queste NON può essere un network ID:","130.192.55.0/16","130.192.55.0/24","130.192.16.0/20","130.192.16.0/24","A","l’unico IP problematico rispetto alla definizione di network ID è la A in quanto dovrebbero essere presenti 16 bit di parte rete e 16 di parte host. Pertanto ci aspettiamo una struttura del tipo 130.192.0.0/16. Il terzo Byte a 55 invece si traduce in binario come 00110111 (32+16+4+2+1) che chiaramente ha dei bit diversi da zero."
"Una sorgente deve inviare 6 PDU usando un protocollo Go-Back-N con ACK cumulativi e con finestra di trasmissione pari a 3 PDU, numerandole a partire da 1. Dopo la trasmissione della prima finestra, e prima della scadenza del timeout, l’unica conferma ricevuta è ACK 3. Quale delle seguenti azioni è plausibile sia eseguita dalla sorgente:","La sorgente ritrasmette la PDU 2","La sorgente invia le PDU 3 e 4","La sorgente invia le PDU 4 e 5","La sorgente non invia più nulla e attende la scadenza del timeout","C","l’ACK 3 fa avanzare la finestra di 2 posizioni [3 4 5], non essendo giunti al timeout non ritrasmettiamo la PDU 3 perché immaginiamo che questa non sia ancora arrivata a destinazione e ci limitiamo a trasmettere le PDU 4 e 5."
"Quale campo nell'intestazione IP viene usato per evitare che un pacchetto venga inoltrato da più di N router?","Indirizzo di destinazione","Versione","Nessuna delle risposte","","C","il campo che viene usato è il TTL che viene decrementato di uno da ciascun router per cui passa. Nel momento in cui si giunge a TTL=0 il pacchetto viene scartato e, opzionalmente, viene inviato all’host sorgente un pacchetto ICMP."
"In una rete WiFi l’uso dei messaggi RTS/CTS","Elimina le collisioni con altre stazioni","Riduce la probabilità di collisione tra le stazioni","","","B","Le collisioni non sono mai eliminate"
"Quale delle seguenti affermazioni sul NAT è vera?","Il NAT utilizza una combinazione indirizzo IP/porta per creare le associazioni tra host interni e destinazioni in internet","Il port forwarding è necessario per permettere la comunicazione tra gli host della rete interna verso internet","Il NAT assegna gli indirizzi IP in modo dinamico agli host della rete interna che ne facciano richiesta","È sempre possibile contattare da internet gli host della rete interna, senza particolari soluzioni aggiuntive","A","La B è scorretta perché il port forwarding fa l’esatto opposto (consente a host esterni alla rete di raggiungere un host all’interno passando per un’opportuna porta senza che ci sia stata una richiesta dall’interno). La C è la funzione del DHCP e non del NAT. La D è scorretta perché per contattare gli host della rete interna dall’esterno bisogna adoperare soluzioni quali il port forwarding o il nat traversal che sono studiate e configurate ad hoc."
"Quale dei seguenti non è un network ID?","192.168.16.0/20","130.192.36.128/25","13.0.0.0/8","192.168.16.0/16","D","l’unica scorretta è la D perché il suffisso /16 significa che sono presenti 16 bit di parte rete (e dunque 16 bit di host) ma nella parte host abbiamo il terzo Byte pari a 16 ovvero in binario 00001000 ma ciò non è compatibile con un network ID che è composto da tutti zeri nella parte host (terzo e quarto byte in questo caso)."
"Ad un router può essere associato:","Un solo indirizzo IP","Più indirizzi IP","","","B","Ogni router o nodo della rete può avere una o più interfacce associate, ognuna con il suo indirizzo IP."
"Il protocollo Aloha inizia a trasmettere","Dopo aver ascoltato il canale, sentendolo libero","Indipendentemente dallo stato del canale","","","B","Aloha trasmette a prescindere senza ascoltare il canale"
"La tecnica del byte stuffing nel protocollo PPP serve a","separare l'intestazione dal campo dati","rilevare correttamente l'inizio e la fine della trama","","","B","serve a identificare che il delimitatore sia univoco nel messaggio"
"Quale di queste affermazioni relative al protocollo HTTP 1.1 è vera?","HTTP 1.1 si basa su un paradigma client-server","HTTP 1.1 usa UDP a livello trasporto","HTTP 1.1 è dotato nativamente di uno stato (non è stateless)","I messaggi HTTP 1.1 usano una codifica binaria","A","Http usa TCP, è stateless e usa codifica ascii"
"L’operazione di frammentazione svolta dai router IPv4 è un esempio di:","Generazione di più 2-SDU da una 3-SDU","Generazione di più 3-SDU da una 3-PDU","Generazione di più 3-PDU da una 3-SDU","Generazione di più 2-SDU da una 3-PDU","C","quiz duplicato"
"Associare ad un canale trasmissivo un costo dinamico (ad esempio il carico sul canale) invece che un costo statico (ad esempio pari ad 1 per tutti i canali trasmissivi)","Può causare frequenti modifiche del percorso scelto da una sorgente ad una destinazione","Evita possibili oscillazioni nella scelta dei percorsi causate dalla variazione del costo nel tempo","È da preferire nel caso della commutazione di pacchetto ma non in quella di circuito","Riduce le variazioni nella scelta del percorso da una sorgente ad una destinazione","A","la risposta A è l’unica che ha senso nel caso in cui il costo cambi nel tempo. In particolare la B dice l’esatto opposto ovvero che, rendendo i costi variabili, i percorsi scelti (che ottimizzano i costi) cambino meno. La C è sbagliata perché introdurrebbe maggiore instabilità in una rete a commutazione di pacchetto. La D è praticamente la B riscritta."
"Si consideri una rete costituita da trasmettitore, nodo intermedio e ricevitore. Si hanno 2 pacchetti, ognuno della durata di 10 ms, che iniziano ad arrivare al nodo intermedio al tempo t = 20 ms. Il canale che collega nodo intermedio con il ricevitore ha velocità doppia rispetto al canale che collega il trasmettitore con il nodo intermedio. Supponendo che non ci sia alcun gap di tempo tra i 2 pacchetti, che non ci siano altri pacchetti in coda e che il tempo di elaborazione sia trascurabile, in quale istante di tempo viene completata la trasmissione?","40ms","50ms","45ms","70ms","C","La trasmissione dei pacchetti nel nodo intermedio inizia in parallelo alla ricezione e termina a metà della ricezione del secondo pacchetto in quanto la velocità del secondo canale è maggiore. Abbiamo pertanto che il primo pacchetto viene ricevuto completamente a 30ms dal nodo intermedio (e giunge a 35ms al ricevitore) e che il secondo arriva a 40ms e giunge al ricevitore a 45ms."
"Un nodo deve inviare 2200 byte di dati, utilizzando PDU da 900 byte con PCI da 100 byte, su un canale con velocità di trasmissione pari a 4Mbit/s. Quanto tempo è necessario per la trasmissione dell’ultimo pacchetto?","1.4ms","1.8ms","1ms","5ms","A","se la PDU ha 100 Byte di PCI significa che avrà 800 byte di SDU (dati). Pertanto formiamo 2 pacchetti completi e il terzo pacchetto avrà 600 Byte (2200 - 800*2) di SDU e 100 Byte di PCI arrivando a pesare 700 Byte. Trasformando la dimensione del pacchetto in bit otteniamo 5600 bit (700*8). Considerando che la velocità di trasmissione è 4Mbit/s (ovvero 4*10^6 bit/s) otteniamo che il tempo necessario a trasferire l’ultimo pacchetto è 1.4ms (5.6*10^3 bit / 4*10^6 bit/s)"
"Sia dato un canale da 100Mbit/s che condivide 2 connessioni TCP da 30Mbit/s e 2 connessioni UDP da 40Mbit/s. Quale delle seguenti affermazioni è corretta?","Le connessioni UDP bloccano le connessioni TCP","Le connessioni TCP hanno una velocità di trasmissione di 25Mbit/s, a causa del TCP Fairness.","Le connessioni UDP hanno una velocità di trasmissione di 30Mbit/s, a causa del controllo di congestione del TCP","Le connessioni TCP hanno una velocità di trasmissione di 10Mbit/s","D","le connessioni UDP adoperano la banda ad esse necessaria senza curarsi di eventuali altre connessioni (al massimo si perdono pacchetti se si satura la capacità dei buffer dei router). Pertanto nel caso presentato le connessioni UDP occupano 80Mbit/s. Alle connessioni TCP restano 20Mbit/s che dividono equamente in 10 e 10."
"Il bluetooth:","Usa Modulazione frequency hopping spread spectrum trasmissione radio a corto raggio Banda ISM collegati a un nodo Master a topologia centro stella","Usa Modulazione frequency hopping spread spectrum trasmissione radio a lungo raggio Banda Alta.","Viene usato solo da telefonia mobile per trasmettere.","","A","(Standard Reti Locali 2022 - Bluetooth ) Le risposte dell’esame erano simili"
"Quali tra queste e’ falsa per le VoIP?","RTP fornisce meccanismi per garantire la consegna in tempo reale","RTP puo’ essere usato per il trasferimento audio/video","SIP puo’ essere usato per aprire e chiudere una sessione","SIP fornisce meccanismi per determinare l’indirizzo del chiamato","A",""
"Selective repeat con Wt=Wr=4 e semantica degli ACK cumulativi, in cui il tempo di trasmissione della finestra è molto minore rispetto a RTT, devono essere trasmesse solo le PDU 0,1,2,3. Dopo la prima trasmissione di tutta la finestra il ricevitore riceve le PDU 0,2,3. Ipotizzando che successivamente nessun pacchetto venga perso, qual è la sequenza corretta che il ricevitore si vede arrivare dopo la prima ricezione della PDU 3?","1","1,2,3","0,1","0,1,2,3","B","Non ricevendo la PDU 1, il ricettore manderà solo ACK uguale a 1. Il trasmettitore, appena scadrà il timeout, rimanderà tutta la finestra non ancora confermata quindi le PDU 1,2,3; essendo RTT > durata trasmissione finestra, le 3 PDU saranno già state trasmesse prima che un ACK venga ricevuto dal trasmettitore. Sotto ipotesi che i successivi pacchetti dopo quelli della prima finestra non possono andare persi, il ricevitore riceverà le PDU 1,2,3. 9o"
"Qual è la velocità della tecnologia WiFi al giorno d’oggi?","Centinaia di Gigabit/s","Sull’ordine dei Tbit/s","Alcuni G igabit/s","Decine di Mbit/s","C",""
"La rete di accesso residenziale FTTx è costituita da","Una rete di distribuzione passiva in fibra ottica e, opzionalmente, da un segmento terminale in rame","Sempre interamente da una rete di distribuzione in fibra ottica attiva","Una rete di distribuzione passiva in rame e, opzionalmente, da un segmento terminale in fibra ottica","Da una rete di distribuzione ottica basata sulla tecnologia IEEE 802.3 Gigabit Ethernet","A","Per reti FTTx si intendono principalmente FTTC e FTTH (che si sono viste a lezione). Per FTTH si intende una rete completamente in fibra ottica (dalla centrale dell’operatore al router dell’utente finale) passiva (la versione attiva esisteva intorno a inizio 2000 e non è più in uso). La FTTC è invece una rete d’accesso in fibra ottica fino all’ultimo miglio (cabinet) e poi in rame fino all’utente finale. Pertanto la B è falsa perché la FTTC presenta anche componenti in rame, la C perché è l’opposto (al più la parte in rame è l’ultimo miglio, non avrebbe senso il contrario) e la D sempre per il discorso della componente in rame nella FTTC; inoltre non è detto che si usi il protocollo ethernet nella FTTH."
"Una modulazione numerica 16-QAM","Prevede l’invio di 16 bit ogni tempo di simbolo","Prevede l’invio di 4 bit ogni tempo di simbolo","Prevede l’invio di 4 simboli ogni tempo di bit","Prevede l’invio di 16 simboli ogni tempo di bit","B",""
"I server che implementano il database distribuito di DNS memorizzano i record di risorsa :","Il record di tipo A serve per ottenere un indirizzo IP dato l’host name","Il record CNAME serve per ottenere il nome canonico di un mail server","Il record di tipo A serve per fornire agli host richiedenti il nome canonico relativo a un host name","","A","la B non è vera in quanto il record CNAME non è per forza collegato a un mail server ma a un qualunque nome di dominio che funge da alias di un altro nome di dominio. La C è la definizione di record di tipo CNAME. La A è dunque corretta, trasforma infatti i domini in IPv4."
"Quale delle seguenti affermazioni riguardo a un router IP standard (senza funzionalità aggiuntive come firewall, NAT…) :","Il router modifica almeno un indirizzo IP dei pacchetti","Il router inoltra i datagram utilizzando delle trame, la trama in uscita ha almeno un indirizzo MAC diverso rispetto alla trama in arrivo","Gli host comunicano passando sempre attraverso un router","","B","La A è sbagliatissima, i datagram viaggiano invariati nella rete. Solo col nat può succedere che gli indirizzi ip cambino, per funzionalità aggiuntive. B) vera, la trama ha validità sulla singola rete fisica, cambia il MAC."
"Nel contesto degli algoritmi di routing LS, la tabella di routing di un nodo","È usata per calcolare il cammino a costo minimo verso gli altri nodi","È compilata una volta noto il cammino a costo minimo verso gli altri nodi","","","B",""
"I numeri di porta nei protocolli di livello 4:","Sono presenti unicamente in UDP","Sono presenti unicamente in TCP","Sono presenti sia in UDP che in TCP","Non riguardano i protocolli UDP e TCP","C","il multiplexing e demultiplexing, cioè quello che viene fatto coi numeri di porta, è una funzionalità obbligatoria su entrambi i protocolli di livello 4 disponibili su internet."
"In un sistema con protocollo WIFI 802.11, due terminali A e B trasmettono contemporaneamente, cosa può succedere?:","Il terminale B termina la trasmissione nel momento in cui riceve un NACK (Negative ACK)","Il terminale B attende di ricevere un ack","","","B",""
"Aggiungendo un canale bidirezionale tra due nodi di una topologia ad albero cosa succede","Si crea sempre un anello","Si crea un ciclo","","","B",""
"Nell’indirizzamento senza classi (classless) qual è la lunghezza del prefisso in una rete composta da 512 indirizzi IP?","22","23","","","B",""
"Il DNS","Utilizza UDP per risolvere nomi in indirizzi IP","È un server distribuito","","","A",""
"Il DHCP","Configura i parametri della rete IP sulla rete locale","Configura qualsiasi rete ne faccia richiesta","","","A",""
"Nel protocollo ALOHA tutte le stazioni usano trame della stessa durata, una stazione invia una trama che inizia al tempo t0 + 1100 e termina al tempo t0 + 1300. In quale dei seguenti istanti di inizio di una trasmissione da parte di un’altra stazione si verifica una collisione","t0 + 1370","t0 + 890","t0 + 910","t0 + 1310","C","nel protocollo ALOHA (non slotted) ogni stazione può iniziare a trasmettere in qualunque istante. Tra tutte le risposte l’unica trasmissione che si sovrappone con quella citata nella domanda è t0+910 perché termina in t0+1110. Pertanto se la stazione della domanda inizia a trasmettere all’istante t0+1100 sta trasmettendo con la frequenza già impegnata e ciò genera collisione."
"Usando Selective Repeat con finestra di trasmissione 10, numerando i pacchetti a partire da 0, trasmette la seguente la sequenza di PDU consecutive: 4 5 6, acquisendo la ricezione dell’ACK 9, assumendo il canale sequenziale e ACK cumulativi, quali delle seguenti affermazioni è vera:","Può trasmettere la PDU 19","Trasmette la PDU 8","Trasmette la PDU 7","Può trasmettere la PDU 18","D",""
"Nell’introduzione alle subnet mask nell’indirizzamento Internet:","Permette di suddividere una rete di classe B in più reti fisiche","Permette di utilizzare una sola rete logica IP su più reti fisiche","","","A",""
"Dato l'indirizzo IP 121.8.2.5 e la maschera di sottorete 255.0.0.0, qual è il Network ID risultante dall'operazione di AND logico?","121.8.2.0","121.8.1.0","121.8.0.0","Nessuna delle precedenti","D","Gli 0 annullano gli ultimi 3 ottetti per cui dovrebbe essere 128.0.0.0 che non è tra le opzioni"
"Nel processo di conversione da analogico a digitale, quale delle seguenti operazioni introduce un disturbo (errore) non invertibile (cioè una perdita di informazione irrecuperabile)?","Campionamento (Sampling) con frequenza almeno doppia della banda del segnale","Quantizzazione","Sia Campionamento che Quantizzazione","Mai, la conversione è sempre perfettamente reversibile","B",""
"In un'architettura di rete Client/Server, qual è la funzione principale del Server?","Fornire le risorse o scambiare le informazioni richieste dal client","Mappare gli indirizzi fisici in logici","Implementare le funzioni del livello di rete","Avviare la comunicazione verso il client","A",""
"Un trasmettitore invia i pacchetti con numero di sequenza da 0 a 3 utilizzando Selective Repeat, Se il trasmettitore riceve due ACK 1 consecutivi , quale delle seguenti sequenze di ricezione è possibile?","0 3 2 1","0 1 2 3","1 0 3 2","0 1 3 2","A","Il ricevitore dopo 1 vuole ricevere in ordine per cui a 3 e 2 manderà ancora ACK 1"
"Quale delle seguenti codifiche di linea garantisce una transizione di livello all'interno di ogni tempo di simbolo ?","Codifica nBmB","Bipolar (AMI)","NRZ (Non-Return-to-Zero)","RZ (Return-to-Zero)","D",""
"Si vuole trasmettere un blocco dati (SDU) di 2000 byte. La rete ha una dimensione massima del pacchetto) di 1000 byte. Sapendo che l’ultimo pacchetto trasmesso trasporta un payload di 400 byte, quanto misura l’intero pacchetto?","500 byte","600 byte","700 byte","800 byte","B","L’header sarà di 200 byte + 400 di payload quindi 600 byte in totale"
"Nel caso di un router con funzionalità di NAT, quale dei seguenti campi di un pacchetto IP inoltrato dalla rete locale non viene sicuramente modificato?","campo destination IP address","campo TTL","campo source IP address","campo source port","A",""
